"","ID","Zip.code","Gender","Marital","academic","Age","num.month","favorite.QSR","num.people","appealing","seat","parking","cleanliness","appearance","friendliness","knowledge","received","billing","prompt","attention","hours","waiting.time","food.size","price","Wifi","Variety","value","location","drive..tru","discounts","healthy.food","menu","last.visit","visit.again","recommend","Profession","Information.Source","Professional"
"1",1,72830,2,2,4,2,6,"BURGER KING",1,3,3,3,4,4,4,4,5,4,4,4,4,4,4,4,3,4,4,4,4,4,4,4,5,4,4,"Student","multiple.way",NA
"2",2,72845,2,2,4,1,28,"BURGER KING",1,2,5,5,4,3,2,3,4,3,5,3,3,2,4,3,2,2,3,3,3,2,2,3,3,4,4,"Student","drive",NA
"3",3,72560,1,2,3,1,15,"MCDONALD'S",1,3,3,3,3,4,4,4,5,3,4,3,4,3,2,3,1,5,3,2,5,4,2,5,5,5,4,"Student","sign",NA
"4",4,71935,1,3,3,1,4,"SONIC",2,4,5,5,5,5,5,5,5,5,5,5,5,5,5,5,2,5,5,5,5,5,2,5,5,5,5,"Student","other",NA
"5",5,72745,2,2,3,1,4,"TACO BELL",1,5,4,4,4,4,5,5,5,5,5,5,5,5,5,4,4,5,5,5,5,3,4,5,5,5,5,"Student","drive",NA
"6",6,72031,2,2,4,1,28,"MCDONALD'S",1,3,5,5,4,4,5,5,5,5,5,4,5,5,4,5,1,5,4,5,5,5,3,5,5,5,5,"Student","drive",NA
"7",7,72634,1,2,3,1,16,"TACO BELL",3,4,5,4,4,3,3,3,4,4,4,3,4,4,4,4,2,4,4,4,5,3,2,4,5,5,5,"Student","drive",NA
"8",8,72635,1,2,3,1,12,"MCDONALD'S",4,4,3,3,4,2,3,3,4,4,4,2,4,3,2,4,4,5,4,3,4,5,4,4,4,5,4,"Student","multiple.way",NA
"9",9,72801,1,2,3,1,12,"MCDONALD'S",4,4,4,4,4,3,4,4,4,5,4,2,5,2,5,5,5,5,5,5,2,5,1,4,4,5,4,"Student","mobile",NA
"10",10,72762,1,2,4,1,12,"TACO BELL",2,4,5,2,3,3,5,5,5,5,5,5,5,4,5,5,5,5,5,5,5,5,2,5,5,5,5,"Student","multiple.way",NA
"11",11,72801,2,2,3,1,8,"SONIC",2,4,5,2,2,3,2,3,5,5,3,3,5,5,5,4,5,4,4,5,5,4,2,4,4,4,4,"Student","drive",NA
"12",12,72802,1,2,3,1,16,"TACO BELL",5,3,4,2,3,2,3,2,4,4,3,3,5,4,4,4,3,3,3,3,4,3,3,3,4,4,3,"Student","drive",NA
"13",13,72801,2,2,4,1,20,"ZAXBY'S",2,4,4,5,5,3,2,2,2,3,3,2,4,3,3,3,3,3,4,4,4,4,1,2,3,3,5,"Student","mobile",NA
"14",14,72058,2,3,3,1,3,"TACO BELL",3,3,3,2,4,4,4,4,4,5,4,3,5,4,4,4,4,4,4,5,2,3,1,4,4,5,4,"Student","multiple.way",NA
"15",15,72857,2,2,2,1,3,"TACO BELL",2,3,4,4,3,3,3,4,4,3,3,3,4,3,4,3,4,3,4,3,3,3,3,4,3,4,3,"Student","multiple.way",NA
"16",16,72076,2,2,2,1,8,"WENDY'S",2,3,5,5,1,3,4,3,5,5,5,3,5,5,5,5,5,5,3,5,5,5,3,5,4,5,3,"Student","sign",NA
"17",17,72801,1,2,2,1,8,"CHICK-FIL-A",5,5,5,5,4,5,5,5,5,5,5,5,5,5,5,5,4,4,5,5,5,5,5,5,5,5,5,"Student","friend.relative",NA
"18",18,72903,2,2,4,1,2,"CHICK-FIL-A",1,5,5,5,5,5,5,5,5,5,5,5,4,4,5,3,4,5,5,5,5,4,5,5,5,5,5,"Student","friend.relative",NA
"19",19,72023,1,2,3,1,12,"DAIRY QUEEN",1,4,5,5,3,4,4,3,4,4,3,3,5,4,4,3,5,4,3,4,5,3,3,5,4,5,4,"Student","friend.relative",NA
"20",20,72801,1,2,4,1,4,"WENDY'S",1,4,5,5,4,5,3,3,5,5,5,3,5,5,5,4,3,5,4,4,4,2,2,5,4,5,4,"Student","drive",NA
"21",21,72802,1,2,2,1,1,"WENDY'S",1,4,4,4,4,3,3,3,3,4,4,3,3,3,3,3,3,3,3,3,3,3,3,3,3,3,2,"Student","drive",NA
"22",22,72801,1,1,4,1,8,"TACO BELL",3,5,5,5,5,4,5,4,5,5,5,5,5,3,3,5,5,5,5,5,5,5,3,5,4,5,5,"Student","social.media",NA
"23",23,72823,1,2,4,1,24,"WENDY'S",1,5,5,5,5,5,5,5,5,5,5,5,5,5,5,5,5,5,5,5,5,5,5,5,5,5,5,"Student","friend.relative",NA
"24",24,72601,1,2,4,1,5,"RAISING CANES",6,5,5,4,5,5,5,5,5,5,5,5,5,5,5,5,5,5,5,5,5,5,5,5,5,5,5,"Student","multiple.way",NA
"25",25,72801,2,2,4,1,20,"TROPICAL SMOOTHIE",3,5,5,3,5,4,2,3,5,5,5,3,5,5,5,5,5,4,5,5,3,2,1,5,4,5,5,"Student","friend.relative",NA
"26",27,72120,2,2,2,1,10,"TACO BELL",2,3,3,4,3,3,4,3,3,3,4,3,5,2,4,3,3,4,4,5,5,4,2,4,4,5,4,"Student","TV.ad",NA
"27",28,72801,2,2,2,1,4,"TACO BELL",2,4,4,5,3,4,3,4,5,4,4,4,4,4,4,3,5,5,4,4,3,3,3,3,4,5,4,"Student","friend.relative",NA
"28",29,NA,2,2,1,1,1,"KFC",3,4,4,3,3,3,4,4,3,5,4,3,4,4,3,2,2,3,3,3,3,3,3,4,3,3,3,"Student","friend.relative",NA
"29",30,71943,1,2,2,1,12,"SONIC",1,4,4,4,3,3,4,4,4,4,4,4,4,4,3,3,4,5,5,5,5,4,4,4,4,5,4,"Student","drive",NA
"30",31,71901,1,2,4,2,12,"CHICK-FIL-A",2,3,4,4,3,3,4,3,4,4,2,5,4,4,3,3,3,4,4,4,4,2,4,4,4,4,4,"Student","friend.relative",NA
"31",32,72801,1,2,2,1,16,"MCDONALD'S",2,4,5,5,4,5,5,5,5,5,5,4,5,4,4,5,5,3,5,4,5,5,4,4,5,5,3,"Student","drive",NA
"32",33,72801,2,2,1,1,20,"TACO BELL",2,4,4,2,4,4,5,5,5,5,5,5,5,4,4,4,5,4,4,4,4,5,5,5,5,5,5,"Student","TV.ad",NA
"33",34,72801,1,2,2,1,8,"TACO BELL",2,4,4,4,4,4,4,4,4,4,4,4,4,4,4,4,4,4,4,4,4,4,4,4,4,5,4,"Student","multiple.way",NA
"34",35,72801,2,2,1,1,40,"CHICK-FIL-A",5,3,3,3,3,3,3,2,2,3,2,2,2,4,2,4,4,4,4,4,4,3,3,5,5,5,5,"Student","multiple.way",NA
"35",36,72801,2,2,2,1,16,"ZAXBY'S",2,3,4,3,2,5,4,4,5,5,4,4,5,4,4,4,5,5,5,5,4,5,2,3,4,5,4,"Student","TV.ad",NA
"36",37,72756,1,2,3,1,16,"WENDY'S",5,5,4,4,4,3,4,4,2,2,3,2,5,3,2,2,1,3,2,3,1,3,2,2,4,5,5,"Student","drive",NA
"37",38,72802,1,2,1,1,12,"CHICK-FIL-A",1,4,5,3,3,3,3,3,5,5,4,3,5,4,4,4,4,4,4,4,1,3,3,5,4,5,5,"Student","other",NA
"38",39,72802,1,2,3,1,20,"FIREHOUSE SUBS",3,5,5,5,4,5,5,5,5,5,5,5,5,5,5,3,3,5,5,5,5,3,5,5,5,5,5,"Student","sign",NA
"39",40,72802,2,1,4,4,28,"STARBUCKS",1,5,5,5,5,5,5,5,5,5,5,5,5,5,5,4,5,4,4,4,5,4,3,4,5,5,5,"Student","drive",NA
"40",41,72837,2,1,4,4,16,"WENDY'S",2,3,5,5,3,3,4,4,2,3,3,3,4,3,3,5,3,3,5,4,4,3,3,3,3,4,4,"Student","other",NA
"41",42,72801,1,2,3,1,8,"TACO BELL",4,4,5,4,4,3,4,4,4,4,4,3,4,4,3,5,3,5,5,5,5,3,3,5,4,5,4,"Student","drive",NA
"42",43,72801,2,2,3,1,2,"TROPICAL SMOOTHIE",2,5,4,4,5,5,5,4,5,5,5,5,5,4,5,4,4,5,5,5,5,5,5,5,5,5,5,"Student","multiple.way",NA
"43",44,72858,2,2,4,2,0,"ARBY'S",5,2,4,4,3,2,3,3,2,3,2,3,2,3,3,3,4,4,3,3,3,4,2,3,4,4,4,"Student","other",NA
"44",45,72761,2,2,4,1,16,"MCDONALD'S",1,5,5,5,4,4,5,5,5,5,4,3,2,5,5,5,5,5,5,5,5,4,2,5,5,5,5,"Student","other",NA
"45",46,72802,1,2,3,1,16,"MCDONALD'S",2,5,5,5,4,5,3,3,4,5,5,3,5,4,4,5,5,5,5,5,5,3,2,5,5,5,5,"Student","drive",NA
"46",47,72801,2,2,4,1,10,"SUBWAY",2,3,3,2,2,3,3,4,5,5,3,3,5,4,5,4,4,3,4,4,5,2,2,4,4,5,4,"Student","multiple.way",NA
"47",48,72801,2,2,2,1,15,"POPEYE'S",2,3,4,4,2,3,3,3,3,4,3,2,4,3,3,3,1,4,3,4,4,3,2,4,4,4,5,"Student","friend.relative",NA
"48",49,72801,2,2,3,1,8,"TACO BELL",1,3,5,5,2,3,5,5,5,5,5,4,5,3,5,5,5,2,5,5,5,5,2,5,5,5,5,"Student","drive",NA
"49",50,72628,2,2,4,1,8,"CHICK-FIL-A",1,5,4,4,5,4,5,5,5,5,5,5,5,5,5,5,2,5,5,5,3,4,5,5,5,5,5,"Student","friend.relative",NA
"50",51,72034,2,3,4,1,8,"SONIC",1,4,3,2,3,4,5,5,5,5,5,3,5,5,5,3,1,5,5,5,5,5,5,5,5,5,5,"Student","multiple.way",NA
"51",52,72762,2,2,3,1,10,"TACO BELL",2,5,1,4,3,3,5,5,5,5,5,5,5,5,5,5,5,5,5,5,5,5,1,3,5,5,5,"Student","social.media",NA
"52",53,72802,1,2,4,1,20,"ZAXBY'S",1,5,5,5,5,5,5,5,5,5,5,5,5,5,5,5,5,5,5,5,5,5,5,5,5,5,5,"Student","drive",NA
"53",54,72802,2,2,4,1,8,"WENDY'S",1,5,5,5,5,5,5,5,5,5,5,5,5,5,5,4,1,5,4,5,5,4,5,5,5,5,5,"Student","friend.relative",NA
"54",55,72064,1,2,4,1,12,"POPEYE'S",1,5,5,5,5,4,3,4,3,5,5,5,5,4,5,4,3,5,5,5,5,3,3,5,5,5,5,"Student","drive",NA
"55",56,72801,2,2,3,1,6,"OTHER",2,5,5,5,5,5,5,5,5,5,5,5,5,5,5,5,3,5,5,3,5,5,5,5,5,5,5,"Student","friend.relative",NA
"56",57,72761,1,2,1,1,16,"FREDDY'S",3,4,3,3,4,4,3,5,5,5,3,3,3,5,3,4,3,5,5,5,5,3,2,5,4,5,5,"Student","multiple.way",NA
"57",58,72802,1,2,4,1,16,"POPEYE'S",2,3,3,4,3,4,4,3,5,4,5,5,5,5,5,4,4,5,5,5,5,3,2,4,5,5,5,"Student","mobile",NA
"58",59,72801,2,2,4,1,10,"TACO BELL",1,5,3,3,4,3,4,4,5,5,5,3,5,3,4,5,2,5,5,5,5,3,2,5,5,5,5,"Student","drive",NA
"59",60,71602,2,2,2,1,12,"TACO BELL",6,3,4,4,3,5,5,5,5,4,5,2,5,4,4,3,2,3,4,4,3,4,2,4,4,4,4,"Student","multiple.way",NA
"60",61,72801,1,2,2,1,4,"CHICK-FIL-A",3,5,5,5,5,5,5,5,5,5,5,5,5,5,5,5,5,5,5,5,5,5,5,5,5,5,5,"Student","sign",NA
"61",62,72801,1,2,2,1,2,"CHICK-FIL-A",1,5,5,5,5,5,5,5,5,5,5,5,4,4,3,4,3,5,5,4,5,3,3,5,5,4,3,"Student","drive",NA
"62",63,72801,2,2,4,1,2,"FIVE GUYS",6,4,5,4,4,5,5,5,5,5,4,3,5,5,5,4,5,5,5,5,3,3,3,5,5,5,4,"Student","friend.relative",NA
"63",64,72751,1,2,2,1,4,"MCDONALD'S",2,3,5,4,2,3,3,2,2,2,3,2,5,3,3,3,4,4,3,5,4,4,3,5,4,5,4,"Student","drive",NA
"64",65,72102,2,2,3,1,12,"TACO BELL",6,4,5,5,4,3,3,3,5,5,5,3,5,5,5,3,3,3,5,5,5,3,3,5,5,5,5,"Student","sign",NA
"65",66,NA,2,2,1,1,4,"TACO BELL",3,4,5,5,2,4,4,4,5,5,4,4,5,4,5,3,1,4,4,5,5,1,1,5,4,5,5,"Student","other",NA
"66",67,72209,1,2,3,1,1,"TACO JOHN'S",3,3,4,2,4,5,3,4,3,2,4,3,4,3,4,4,2,3,3,4,2,3,4,3,4,5,2,"Student","multiple.way",NA
"67",68,72801,2,2,3,1,10,"CHICK-FIL-A",2,3,3,3,5,5,5,5,5,5,5,5,4,5,5,4,4,5,5,4,5,5,3,5,5,5,5,"Student","multiple.way",NA
"68",69,37209,1,1,1,1,60,"TACO BELL",4,3,5,2,3,3,5,3,3,4,3,5,4,3,5,3,3,3,3,3,3,4,5,5,1,1,5,"Student","sign",NA
"69",70,72834,1,2,2,1,5,"SUBWAY",5,4,3,3,3,3,4,4,4,4,3,4,3,3,4,3,2,4,3,2,3,3,3,4,4,3,4,"Student","multiple.way",NA
"70",71,71913,1,2,2,1,1,"CHICK-FIL-A",3,4,5,4,3,3,4,5,3,5,3,5,2,2,3,3,5,3,0,3,5,2,4,5,4,5,4,"Student","TV.ad",NA
"71",72,72801,2,2,3,1,4,"SONIC",1,3,3,5,3,5,5,5,5,5,5,5,5,5,5,5,1,5,5,2,5,5,2,2,5,5,5,"Student","friend.relative",NA
"72",73,72634,1,2,3,1,3,"MCDONALD'S",1,4,5,5,4,4,5,5,5,5,5,5,5,5,4,5,5,5,4,5,5,5,4,5,4,5,4,"Student","drive",NA
"73",74,72801,1,2,1,1,8,"TACO BELL",2,4,4,4,4,4,4,4,5,4,4,4,5,3,5,4,3,4,4,5,4,3,4,4,5,5,3,"Student","other",NA
"74",75,72903,1,2,3,1,3,"TACO JOHN'S",4,4,3,4,5,5,5,3,3,5,5,5,5,5,5,4,5,4,4,5,3,4,3,5,4,5,4,"Student","friend.relative",NA
"75",76,72113,2,2,1,1,30,"TACOS 4 LIFE",3,4,4,3,3,3,3,4,5,5,5,5,5,4,5,3,5,5,5,4,2,3,3,5,3,3,3,"Student","TV.ad",NA
"76",77,72801,1,2,2,1,4,"TACO BELL",4,5,5,5,5,5,5,5,5,5,5,5,5,5,5,5,5,5,5,5,5,5,5,5,5,5,5,"Student","drive",NA
"77",78,72801,1,2,1,1,16,"JIMMY JOHN'S",2,5,4,3,4,5,5,4,5,5,5,3,4,3,5,4,3,4,4,4,3,4,5,4,4,4,4,"Student","other",NA
"78",79,72801,1,1,5,2,4,"MCDONALD'S",4,3,4,4,3,3,4,3,2,4,3,3,3,3,3,3,4,3,3,3,3,3,2,4,4,4,5,"Student","drive",NA
"79",80,72113,2,2,1,1,35,"MCDONALD'S",3,5,5,3,2,3,4,4,5,5,5,4,5,3,5,1,5,3,5,5,5,5,5,5,5,5,4,"Student","TV.ad",NA
"80",81,72936,1,2,1,1,50,"BURGER KING",1,5,5,5,5,5,5,5,5,5,5,5,5,5,5,5,5,5,5,5,5,5,5,5,5,5,5,"Student","multiple.way",NA
"81",82,72761,2,2,4,1,16,"MCDONALD'S",1,5,5,5,4,4,5,5,4,5,3,3,5,2,5,5,5,5,5,5,3,4,2,5,4,5,4,"Student","other",NA
"82",83,72956,1,2,1,1,5,"SONIC",1,3,4,4,3,4,3,3,2,4,5,3,3,4,5,3,1,3,3,4,5,1,3,5,4,4,3,"Student","multiple.way",NA
"83",84,72956,1,3,1,1,8,"WENDY'S",2,4,4,4,4,4,4,4,4,4,4,4,4,4,4,4,4,4,4,4,4,4,4,4,5,5,5,"Student","sign",NA
"84",85,72801,1,2,1,1,4,"ZAXBY'S",5,4,5,5,4,3,4,3,5,5,5,3,1,2,5,2,3,5,4,5,5,1,2,5,5,5,5,"Student","friend.relative",NA
"85",86,72801,1,2,1,1,12,"WENDY'S",2,2,5,5,3,3,5,5,5,5,5,3,5,5,5,5,3,5,5,5,5,4,1,5,5,5,5,"Student","drive",NA
"86",87,72801,1,2,1,1,4,"ZAXBY'S",5,4,5,5,3,3,4,3,5,5,5,5,2,4,5,2,3,5,4,4,5,3,1,2,5,5,5,"Student","friend.relative",NA
"87",88,72802,1,2,1,1,0,"TACO JOHN'S",3,3,4,3,5,5,5,5,5,5,5,5,4,5,5,4,5,5,5,5,5,5,5,5,5,5,4,"Student","sign",NA
"88",89,72801,2,2,1,1,16,"CHICK-FIL-A",1,5,5,5,5,5,5,5,5,5,5,5,5,4,5,5,5,5,5,5,5,5,5,5,5,5,5,"Student","friend.relative",NA
"89",90,72801,2,2,1,1,20,"TACO BELL",4,4,5,4,4,4,5,5,5,5,5,4,5,5,4,4,5,5,5,5,5,3,3,5,5,5,5,"Student","friend.relative",NA
"90",91,72801,2,2,1,1,15,"MCDONALD'S",3,4,5,5,4,3,4,4,4,5,5,4,5,5,5,5,5,5,5,5,5,5,2,5,5,5,5,"Student","multiple.way",NA
"91",92,72801,2,2,1,1,27,"TACO BELL",4,5,5,4,4,4,5,5,5,5,5,5,5,5,5,5,5,5,5,5,5,5,4,5,5,5,5,"Student","multiple.way",NA
"92",93,72801,2,2,1,1,4,"MCDONALD'S",2,4,5,5,3,4,5,5,5,5,4,3,5,5,5,5,5,5,4,5,5,4,2,4,5,5,5,"Student","other",NA
"93",94,71913,1,2,1,1,24,"CHICK-FIL-A",5,5,5,3,4,3,4,4,5,5,5,5,5,5,5,4,3,4,4,4,4,3,3,5,5,5,5,"Student","drive",NA
"94",95,72801,1,2,1,1,4,"MCDONALD'S",4,4,4,4,2,2,4,3,3,5,4,3,5,4,4,5,5,5,4,5,5,5,3,2,5,5,4,"Student","friend.relative",NA
"95",96,71832,1,2,2,1,4,"MCDONALD'S",3,3,3,3,3,4,2,4,5,4,4,4,5,3,4,4,4,4,3,3,2,1,4,2,2,2,4,"Student","social.media",NA
"96",97,71832,1,2,1,1,2,"MCDONALD'S",6,4,4,4,4,3,4,4,4,4,4,4,5,4,4,5,5,5,5,5,5,5,5,5,5,5,5,"Student","other",NA
"97",98,72958,1,1,1,1,4,"CHICK-FIL-A",3,4,4,3,4,4,5,4,5,5,5,3,5,5,5,5,4,4,5,5,5,5,2,5,5,2,3,"Student","friend.relative",NA
"98",99,72801,1,2,3,1,8,"CHICK-FIL-A",1,5,5,5,5,5,5,5,5,5,5,5,5,5,5,5,5,5,5,5,5,5,5,5,5,5,5,"Student","drive",NA
"99",100,71929,2,1,1,1,3,"SONIC",3,2,5,5,3,5,5,5,5,5,5,5,5,5,5,3,3,5,5,5,5,3,1,5,5,4,5,"Student","TV.ad",NA
"100",101,72801,2,1,2,1,3,"SONIC",2,5,5,5,5,5,5,5,5,5,4,5,3,3,5,3,4,1,3,4,5,5,2,1,5,5,5,"Student","sign",NA
"101",102,72801,1,1,4,1,20,"RAISING CANES",1,4,4,2,3,5,5,3,4,4,3,5,5,3,4,5,5,4,4,3,4,4,1,4,4,4,3,"Student","drive",NA
"102",103,72801,1,2,2,1,60,"TACO BELL",2,5,5,5,4,4,5,4,5,5,5,5,5,5,5,5,5,5,5,5,5,5,5,5,5,5,5,"Student","TV.ad",NA
"103",104,72537,1,2,1,1,5,"WENDY'S",2,5,5,5,5,5,4,5,5,5,4,5,5,4,4,4,3,3,2,4,3,3,5,2,4,5,5,"Student","friend.relative",NA
"104",105,72116,1,2,2,1,3,"ARBY'S",1,4,4,5,3,4,4,5,4,5,5,5,5,5,5,4,4,5,4,5,5,4,4,4,5,5,5,"Student","billboard",NA
"105",106,72801,1,3,1,1,24,"STEAK N SHAKE",3,4,5,4,5,2,4,5,5,5,5,5,5,2,5,4,1,5,5,4,3,2,3,1,5,5,5,"Student","sign",NA
"106",107,72801,1,2,1,1,20,"KFC",2,4,4,4,4,4,4,4,4,4,4,4,4,4,4,4,4,4,4,4,4,4,4,4,4,4,4,"Student","multiple.way",NA
"107",108,72801,1,2,1,1,2,"KFC",2,4,4,4,5,5,4,5,4,4,4,4,4,4,4,4,4,4,4,4,4,4,4,4,4,5,4,"Student","friend.relative",NA
"108",109,72126,1,2,1,1,8,"TACO BELL",2,5,5,5,5,5,5,5,5,5,5,5,5,5,5,5,5,5,5,5,5,4,4,5,5,5,5,"Student","other",NA
"109",110,72801,1,2,1,1,2,"TACO BELL",2,3,5,4,3,3,3,4,5,5,5,5,5,2,4,4,5,5,4,5,5,3,3,4,4,5,5,"Student","drive",NA
"110",111,72956,1,2,1,1,5,"SONIC",1,3,5,5,2,1,3,2,4,5,4,2,5,4,2,3,1,3,2,3,4,1,2,5,4,4,3,"Student","friend.relative",NA
"111",112,72086,2,2,2,1,12,"POPEYE'S",3,5,5,5,5,5,5,5,5,5,5,5,5,5,5,4,5,5,5,4,5,5,1,5,5,5,5,"Student","friend.relative",NA
"112",113,72023,2,2,2,1,12,"POPEYE'S",3,5,5,5,5,5,5,5,5,5,5,5,5,5,5,4,5,5,4,5,5,5,1,5,5,5,5,"Student","friend.relative",NA
"113",114,72801,2,2,1,1,3,"CHICK-FIL-A",3,5,4,5,5,5,5,5,5,5,5,4,5,5,5,5,5,5,5,3,5,5,5,5,5,5,5,"Student","other",NA
"114",115,72801,2,2,1,1,4,"TACO BELL",6,5,5,5,5,5,5,5,5,5,5,5,5,5,5,5,5,5,5,5,5,5,3,5,5,5,5,"Student","other",NA
"115",116,72801,1,2,1,1,4,"OTHER",6,3,3,3,2,4,4,3,4,4,4,3,5,5,4,3,4,4,3,5,3,3,2,2,4,3,4,"Student","friend.relative",NA
"116",117,72801,2,2,4,1,3,"BUFFALO WILD WINGS",5,4,5,4,3,3,3,3,4,4,3,3,5,4,4,4,4,4,4,4,4,3,2,4,4,3,3,"Student","friend.relative",NA
"117",118,71655,2,2,1,1,20,"MCDONALD'S",2,3,4,4,3,4,4,4,5,5,4,3,5,2,5,5,4,4,4,4,3,5,2,5,4,5,3,"Student","drive",NA
"118",119,72801,2,2,3,1,12,"WENDY'S",1,4,4,3,4,4,5,5,5,5,5,5,4,5,5,3,2,3,3,5,5,2,1,3,5,5,4,"Student","TV.ad",NA
"119",120,72801,1,2,2,1,8,"STEAK N SHAKE",1,3,3,3,3,3,3,3,5,5,5,3,3,5,5,5,3,3,5,5,5,3,3,3,5,5,5,"Student","drive",NA
"120",121,72801,2,2,1,1,8,"PANDA EXPRESS",2,4,4,2,5,5,5,5,5,5,5,5,2,5,4,2,4,4,5,5,5,2,4,4,5,5,5,"Student","drive",NA
"121",122,39204,1,2,4,1,5,"MCDONALD'S",1,4,4,3,3,3,3,4,5,5,5,5,5,5,5,5,5,5,5,5,5,5,5,5,5,5,3,"Student","friend.relative",NA
"122",123,72034,2,3,1,1,5,"WENDY'S",2,4,5,4,3,3,2,5,5,5,3,4,5,5,5,4,5,3,3,3,4,1,1,5,3,5,4,"Student","sign",NA
"123",124,72501,2,2,1,1,3,"TACO BELL",2,4,4,4,4,4,4,4,4,4,5,5,5,5,5,5,5,5,5,3,3,3,3,3,4,4,4,"Student","multiple.way",NA
"124",126,75013,1,2,2,1,1,"PANDA EXPRESS",6,3,5,5,3,3,4,3,4,3,3,5,3,3,3,3,4,3,3,5,4,2,1,3,3,4,3,"Student","other",NA
"125",126,72802,1,2,1,1,20,"ARBY'S",4,3,3,3,3,3,3,3,5,5,4,5,4,5,4,3,3,3,3,3,5,3,3,5,3,5,4,"Student","other",NA
"126",127,72117,1,2,2,1,5,"WENDY'S",2,4,4,3,3,4,3,3,5,5,4,4,4,5,5,4,4,3,4,4,5,3,3,5,5,5,5,"Student","sign",NA
"127",128,72801,2,2,5,1,12,"CHICK-FIL-A",2,5,5,5,5,5,5,5,5,5,5,5,5,5,5,4,3,5,5,3,5,4,5,5,5,5,5,"Student","friend.relative",NA
"128",129,72801,2,2,3,1,3,"MCDONALD'S",1,5,5,4,5,5,5,5,5,5,4,4,5,4,5,5,5,5,5,5,5,3,4,5,5,5,5,"Student","TV.ad",NA
"129",130,72801,2,2,1,1,4,"POPEYE'S",2,3,4,4,4,3,5,5,4,5,4,3,4,3,4,4,3,5,5,5,5,4,3,5,5,5,5,"Student","friend.relative",NA
"130",131,72858,1,2,2,1,12,"POPEYE'S",1,3,5,5,5,5,5,5,5,5,5,5,5,5,5,4,2,3,3,3,3,3,3,3,3,3,3,"Student","friend.relative",NA
"131",132,72837,2,2,1,1,12,"CHICK-FIL-A",5,5,5,1,5,5,5,5,5,3,5,5,3,5,5,4,3,3,5,5,5,5,5,5,5,5,5,"Student","multiple.way",NA
"132",133,72802,2,2,4,1,16,"SLIM CHICKEN",1,5,5,5,5,4,5,5,5,5,4,5,5,4,5,5,2,5,5,5,5,4,3,5,5,5,5,"Student","sign",NA
"133",134,72801,2,2,2,1,16,"MCDONALD'S",1,5,3,2,4,4,4,4,2,5,1,1,5,3,4,1,5,5,5,5,5,2,3,5,4,5,5,"Student","social.media",NA
"134",135,72801,2,2,2,1,16,"MCALISTERS",1,5,5,3,4,5,5,5,5,5,5,4,3,4,2,2,3,4,4,4,1,3,5,5,5,5,5,"Student","friend.relative",NA
"135",136,65714,2,2,2,1,21,"MCDONALD'S",2,5,5,4,4,5,5,5,5,5,5,5,5,5,5,5,2,5,5,5,3,1,4,4,5,5,5,"Student","friend.relative",NA
"136",137,71602,2,2,2,1,1,"WENDY'S",6,5,5,5,5,5,5,5,5,5,5,5,5,5,5,5,5,5,5,5,1,5,5,5,5,5,5,"Student","sign",NA
"137",138,72801,2,2,1,1,5,"CHICK-FIL-A",2,5,3,3,5,5,5,5,5,5,5,5,5,4,5,5,4,5,5,5,3,5,5,5,5,5,5,"Student","drive",NA
"138",139,72390,2,1,2,1,20,"WENDY'S",6,5,5,5,4,5,4,5,5,5,5,5,5,5,5,5,5,5,5,5,5,5,3,5,4,1,1,"Student","friend.relative",NA
"139",140,72704,2,2,2,1,20,"TROPICAL SMOOTHIE",1,5,4,3,5,5,5,5,5,5,5,5,5,3,5,4,5,5,5,4,4,4,5,4,5,5,5,"Student","other",NA
"140",141,72801,1,2,4,1,4,"GO GREEN",3,2,5,5,2,3,5,4,2,3,4,4,4,3,4,4,5,5,3,5,4,3,1,3,2,3,1,"Student","sign",NA
"141",142,72034,1,2,4,1,3,"JACK IN THE BOX",2,2,4,4,3,4,3,3,3,4,1,3,5,1,4,4,4,4,3,4,1,1,1,4,3,5,3,"Student","friend.relative",NA
"142",143,72110,2,1,2,4,8,"TACO BELL",2,4,4,2,4,4,5,5,5,5,5,5,5,5,4,4,5,5,5,5,5,3,4,4,5,5,5,"Student","drive",NA
"143",144,72774,1,3,1,1,4,"TACO BELL",2,3,5,5,2,3,2,1,4,5,2,1,5,2,4,3,3,5,5,5,5,3,2,4,4,5,4,"Student","drive",NA
"144",145,72023,1,2,1,1,20,"MCDONALD'S",2,5,4,3,5,5,5,5,5,5,5,5,5,5,4,5,5,5,5,5,3,3,4,2,4,5,5,"Student","friend.relative",NA
"145",146,72801,1,2,2,1,36,"TACO BELL",4,4,4,4,4,4,3,4,3,5,5,5,4,5,4,5,5,5,3,5,5,4,4,5,5,5,5,"Student","social.media",NA
"146",147,72801,1,1,5,2,10,"CHIPOTLE",5,4,4,4,4,4,4,4,4,4,4,4,5,3,5,4,4,4,4,4,3,4,5,5,4,4,4,"Student","friend.relative",NA
"147",148,72703,2,2,1,1,20,"BRAUM'S",3,3,3,3,3,5,5,5,5,4,3,5,5,3,5,5,5,5,5,5,1,1,5,3,4,5,5,"Student","sign",NA
"148",149,72019,1,2,4,1,0,"OTHER",6,2,3,3,3,3,3,3,1,4,4,4,5,5,5,4,3,3,3,3,4,5,1,3,1,1,1,"Student","multiple.way",NA
"149",150,72034,2,3,1,1,4,"ZAXBY'S",2,4,4,4,2,2,5,2,4,5,3,1,5,3,5,3,5,5,5,5,5,5,2,1,5,5,5,"Student","friend.relative",NA
"150",151,72012,3,2,2,1,8,"ZAXBY'S",4,5,5,5,5,5,5,4,4,5,5,4,5,5,4,4,5,4,5,4,5,3,3,5,5,5,5,"Student","drive",NA
"151",152,72019,1,3,2,1,3,"OTHER",2,3,3,3,2,2,3,3,3,4,3,3,3,2,3,3,4,3,3,3,3,3,2,4,3,3,3,"Student","mobile",NA
"152",153,65714,2,2,1,1,4,"PANDA EXPRESS",3,3,4,4,4,4,4,4,4,5,4,4,5,5,5,5,3,5,5,5,5,3,3,5,4,4,4,"Student","multiple.way",NA
"153",154,72015,2,2,1,1,12,"CHICK-FIL-A",3,4,5,5,4,4,5,5,5,5,5,4,5,4,4,3,4,4,4,5,5,4,4,4,4,5,4,"Student","friend.relative",NA
"154",155,72801,3,3,5,6,16,"RAISING CANES",3,3,3,3,3,3,3,3,3,3,3,3,3,3,3,3,3,3,3,3,3,3,3,3,3,3,3,"Student","friend.relative",NA
"155",156,72801,1,2,1,1,4,"TACO BELL",6,4,5,4,3,4,4,4,5,5,4,4,5,4,4,4,4,5,4,4,3,3,4,5,4,5,5,"Student","friend.relative",NA
"156",157,72801,1,1,4,3,135,"MCDONALD'S",1,5,5,5,5,5,5,5,5,5,5,5,5,5,5,5,5,5,5,5,5,5,5,5,5,5,5,"Student","multiple.way",NA
"157",158,72756,1,2,2,1,10,"RAISING CANES",4,5,3,3,4,5,5,5,5,5,4,5,5,5,5,5,3,3,5,5,5,5,3,5,4,4,4,"Student","friend.relative",NA
"158",159,72510,1,3,1,1,3,"KFC",2,5,5,5,4,5,3,5,4,5,4,5,4,5,4,5,4,5,3,5,4,4,5,5,4,4,4,"Student","multiple.way",NA
"159",160,71008,1,2,1,1,1,"MCDONALD'S",2,5,5,5,5,5,5,5,5,5,5,5,5,5,5,5,5,5,5,5,5,5,5,5,5,5,5,"Student","other",NA
"160",161,72801,2,2,1,1,4,"CHICK-FIL-A",2,3,5,4,4,5,5,5,5,5,5,4,2,5,4,3,5,5,5,5,5,4,5,5,5,5,5,"Student","friend.relative",NA
"161",162,72610,1,2,2,1,1,"CHICK-FIL-A",2,5,3,3,5,5,5,5,5,5,5,5,2,5,3,4,5,5,5,5,5,5,5,5,5,5,5,"Student","friend.relative",NA
"162",163,72616,1,2,2,1,1,"CHICK-FIL-A",2,5,3,3,5,5,5,5,5,5,5,5,2,5,4,4,3,5,5,5,5,5,5,5,5,5,5,"Student","friend.relative",NA
"163",164,72034,2,2,1,1,24,"CHICK-FIL-A",2,3,4,3,2,2,5,4,4,4,4,4,4,4,1,1,3,3,3,3,3,3,1,2,2,3,2,"Student","multiple.way",NA
"164",165,72801,2,2,1,1,24,"MCDONALD'S",4,3,4,3,4,4,2,4,4,4,4,4,4,4,4,5,3,4,5,4,4,3,3,4,4,5,4,"Student","sign",NA
"165",166,72762,1,3,2,1,10,"SUBWAY",2,5,5,5,4,4,5,5,5,5,4,4,4,3,5,3,4,3,4,3,3,3,5,5,5,5,5,"Student","friend.relative",NA
"166",167,72801,2,2,1,1,16,"SLIM CHICKEN",2,1,3,5,5,5,5,5,5,2,2,5,4,5,1,1,1,1,3,2,5,5,1,5,3,5,2,"Student","friend.relative",NA
"167",168,72801,1,2,1,1,16,"NATHAN'S",2,4,5,5,5,4,4,5,5,5,3,4,4,5,5,4,2,3,4,4,1,2,1,5,4,4,5,"Student","sign",NA
"168",169,72088,1,2,2,1,5,"CHICK-FIL-A",2,5,5,5,5,5,5,5,5,5,5,5,5,5,5,5,5,5,5,5,5,5,5,5,5,5,5,"Student","social.media",NA
"169",170,72801,2,1,1,1,8,"CHICK-FIL-A",2,5,5,5,5,5,5,5,5,5,5,5,5,5,5,5,5,5,5,5,5,5,5,5,5,5,5,"Student","other",NA
"170",171,72081,2,2,1,1,2,"TACO BELL",2,3,4,4,3,3,3,3,3,3,3,3,3,3,3,3,3,3,3,3,3,3,3,3,3,3,3,"Student","multiple.way",NA
"171",172,72801,2,2,1,1,12,"POPEYE'S",2,4,4,4,4,4,4,4,4,4,4,4,4,4,4,4,4,4,4,4,4,4,4,4,4,4,4,"Student","multiple.way",NA
"172",173,72801,1,3,1,1,10,"CHICK-FIL-A",2,5,3,4,5,5,5,5,5,5,5,5,5,4,3,4,5,3,4,2,5,4,5,5,5,5,5,"Student","multiple.way",NA
"173",174,71730,2,3,1,1,3,"RAISING CANES",2,4,4,4,4,4,4,4,5,5,5,5,5,4,5,4,5,5,5,2,3,3,3,5,4,5,5,"Student","friend.relative",NA
"174",175,72016,1,3,1,1,16,"WENDY'S",3,4,4,4,4,4,4,4,4,4,4,4,4,4,4,4,4,4,4,4,4,4,4,4,5,5,5,"Student","TV.ad",NA
"175",176,72653,1,2,1,1,10,"FIVE GUYS",1,3,5,3,4,5,3,3,5,5,2,2,5,5,5,5,3,5,5,5,3,3,3,5,4,5,3,"Student","multiple.way",NA
"176",177,72801,1,2,1,1,3,"ARBY'S",5,4,5,5,5,5,4,4,5,5,5,4,4,5,5,3,5,5,3,4,5,3,2,4,5,5,5,"Student","other",NA
"177",178,72830,1,2,1,1,16,"SUBWAY",3,4,5,5,4,4,5,3,5,5,5,3,4,5,5,3,2,5,2,3,1,3,4,5,4,4,3,"Student","friend.relative",NA
"178",179,72837,2,2,1,1,4,"OTHER",3,3,3,2,3,3,3,3,3,3,3,3,3,3,3,3,3,3,3,3,3,3,3,3,3,3,3,"Student","multiple.way",NA
"179",180,72801,1,2,1,1,6,"SONIC",2,4,4,4,4,4,4,4,4,4,4,4,4,4,4,4,4,4,4,4,4,4,4,2,5,5,5,"Student","other",NA
"180",181,72936,1,2,2,1,5,"TACO BELL",1,3,4,4,2,2,2,3,4,4,4,3,4,2,3,3,4,3,4,3,4,4,2,2,4,4,3,"Student","sign",NA
"181",182,72801,1,2,1,1,12,"TROPICAL SMOOTHIE",2,5,5,5,5,5,5,5,5,5,5,5,5,5,5,5,5,5,5,5,5,5,5,5,5,5,5,"Student","drive",NA
"182",183,77573,1,2,1,1,8,"TROPICAL SMOOTHIE",3,5,5,5,5,5,5,5,5,5,5,5,5,5,5,5,5,5,5,5,5,5,5,5,5,5,5,"Student","friend.relative",NA
"183",184,72086,1,2,4,1,2,"POPEYE'S",4,4,5,4,4,5,4,5,3,4,4,4,5,2,4,4,5,3,4,4,5,5,4,5,5,4,5,"Student","multiple.way",NA
"184",185,72601,1,2,1,1,5,"POPEYE'S",1,3,4,5,3,3,3,3,5,5,4,3,4,5,5,4,3,5,4,5,3,3,3,3,4,4,4,"Student","friend.relative",NA
"185",186,72801,1,2,3,1,8,"TACO BELL",2,5,4,4,4,4,5,5,5,5,5,5,5,5,5,5,4,5,5,5,4,4,2,5,5,5,4,"Student","drive",NA
"186",187,72801,1,2,3,1,8,"MCDONALD'S",2,4,3,3,2,2,3,1,3,4,4,4,5,5,5,5,5,3,5,5,5,3,1,3,5,5,5,"Student","multiple.way",NA
"187",188,72801,1,2,1,1,5,"ZAXBY'S",4,5,4,5,4,4,4,4,5,5,4,3,3,4,4,3,2,4,4,4,2,2,3,4,5,4,4,"Student","friend.relative",NA
"188",189,72943,2,2,5,1,4,"TACO BELL",4,3,3,3,2,2,4,3,4,4,3,4,4,3,4,3,4,4,4,4,4,4,4,4,4,4,3,"Student","sign",NA
"189",190,81631,1,2,1,1,8,"RAISING CANES",2,4,4,4,4,4,5,5,5,5,4,3,4,2,5,4,3,2,2,2,2,2,2,5,5,5,5,"Student","friend.relative",NA
"190",191,72106,1,2,5,1,10,"POPEYE'S",1,5,5,5,3,3,3,4,5,5,4,4,4,3,4,4,3,4,3,1,3,2,2,4,5,5,5,"Student","friend.relative",NA
"191",192,72227,2,2,1,1,16,"SONIC",3,5,5,5,2,4,3,4,5,5,3,4,5,3,5,1,5,3,4,5,5,5,5,5,5,5,5,"Student","sign",NA
"192",193,72801,2,2,5,2,5,"DOMINO'S PIZZA",1,5,5,5,5,5,5,5,5,5,4,5,4,5,5,4,5,4,5,5,5,5,5,4,5,5,5,"Student","TV.ad",NA
"193",194,72543,1,2,2,1,8,"TACO BELL",2,5,5,5,5,4,4,5,5,5,5,4,5,5,5,5,5,4,5,5,5,4,2,5,5,5,5,"Student","drive",NA
"194",195,72801,2,2,3,1,5,"MCDONALD'S",3,3,3,3,2,3,3,3,3,3,3,3,3,3,3,3,3,5,5,5,5,5,1,5,5,5,5,"Student","drive",NA
"195",196,72823,2,2,3,1,12,"WENDY'S",2,4,4,4,4,3,5,3,5,5,5,5,5,4,5,4,5,5,5,5,5,3,3,5,5,5,5,"Student","TV.ad",NA
"196",197,72455,1,2,4,1,4,"SUBWAY",3,4,4,3,2,2,3,3,4,4,3,3,5,3,3,2,5,4,4,4,4,5,4,4,4,5,4,"Student","sign",NA
"197",198,72781,1,2,2,1,1,"FREDDY'S",6,5,5,4,4,4,4,5,5,4,4,3,4,4,4,3,4,4,4,4,5,3,1,4,5,5,4,"Student","drive",NA
"198",199,75254,1,2,2,1,2,"WHATTABURGER",1,3,5,3,4,4,4,3,4,5,5,5,5,5,5,4,3,4,3,5,5,5,1,5,5,5,5,"Student","drive",NA
"199",200,72801,2,2,1,1,5,"TACO BELL",1,3,4,5,3,3,4,2,5,5,3,2,3,5,5,2,1,2,4,3,3,1,1,4,4,4,3,"Student","drive",NA
"200",201,72801,1,2,4,1,2,"TACO BELL",6,3,4,2,4,5,4,4,3,4,4,3,5,5,5,4,5,5,5,5,5,3,3,5,4,4,5,"Student","TV.ad",NA
"201",202,72801,1,2,2,1,1,"WHATTABURGER",1,5,5,4,4,5,5,5,5,4,4,4,5,4,4,2,3,5,4,5,3,5,3,4,5,5,5,"Student","other",NA
"202",203,72801,1,2,1,1,4,"TACO BELL",1,4,4,3,3,3,5,4,5,5,3,4,5,4,5,3,4,4,4,5,5,3,3,4,4,5,4,"Student","drive",NA
"203",204,72801,1,2,1,1,4,"MCDONALD'S",1,4,5,5,4,3,4,4,5,5,5,5,5,4,4,5,5,5,5,5,5,3,2,4,5,5,5,"Student","drive",NA
"204",205,72801,2,2,1,1,4,"MCDONALD'S",1,5,5,5,5,4,3,4,5,5,5,4,5,5,5,5,4,5,5,5,5,3,1,5,5,5,5,"Student","sign",NA
"205",206,72801,1,3,2,1,5,"TACO BELL",4,5,5,4,4,5,5,4,4,5,5,5,5,3,4,4,3,5,5,5,4,3,2,5,5,5,5,"Student","multiple.way",NA
"206",207,72801,2,2,1,1,20,"MCDONALD'S",4,4,5,3,4,4,4,4,5,5,5,5,4,4,4,3,4,4,4,4,4,4,4,4,4,5,4,"Student","sign",NA
"207",208,72801,2,2,2,1,4,"MCDONALD'S",1,5,5,5,4,4,3,3,5,5,4,3,5,5,5,4,5,5,4,5,5,4,2,4,5,5,4,"Student","drive",NA
"208",209,72834,1,2,4,1,20,"WENDY'S",2,3,5,4,4,4,4,4,5,5,5,4,5,4,5,3,3,4,4,4,4,3,3,4,4,5,3,"Student","friend.relative",NA
"209",210,72863,2,3,3,1,12,"WENDY'S",2,3,5,2,4,5,5,5,4,5,5,3,5,2,5,2,5,4,4,5,5,3,4,5,4,5,5,"Student","drive",NA
"210",211,72653,2,2,4,1,5,"MCALISTERS",6,5,5,5,5,5,5,5,5,5,5,5,5,5,5,5,5,5,5,5,5,5,5,5,5,5,5,"Student","friend.relative",NA
"211",212,72801,1,2,2,2,12,"TACO BELL",1,5,5,5,5,5,3,3,5,5,5,3,5,5,4,4,3,5,5,5,3,3,3,5,4,5,5,"Student","multiple.way",NA
"212",213,72802,2,2,3,1,12,"CHICK-FIL-A",4,5,5,4,5,5,5,5,5,5,5,5,5,5,5,5,5,5,4,4,4,4,5,5,5,5,5,"Student","drive",NA
"213",214,72837,2,2,3,1,10,"CHICK-FIL-A",2,4,4,4,5,5,5,5,5,5,5,5,5,5,5,5,5,5,5,4,5,5,5,5,5,5,5,"Student","drive",NA
"214",215,72908,2,2,3,1,4,"TACO BELL",2,4,4,4,3,3,4,4,5,5,2,4,5,2,4,4,5,5,4,5,5,2,1,4,5,5,5,"Student","drive",NA
"215",216,72834,2,2,3,1,12,"TACO BELL",2,5,5,5,5,4,4,3,5,5,4,3,5,4,4,4,3,4,4,4,3,3,4,5,5,5,5,"Student","drive",NA
"216",217,72834,2,2,2,1,12,"WENDY'S",2,4,4,3,3,2,4,4,5,5,5,3,5,4,5,5,3,5,4,4,4,4,3,5,5,5,5,"Student","multiple.way",NA
"217",218,72865,1,2,1,1,8,"POPEYE'S",5,4,4,4,4,5,5,4,5,5,5,4,5,4,5,4,3,3,3,5,5,4,3,5,5,5,5,"Student","multiple.way",NA
"218",219,72802,2,2,2,1,12,"CHICK-FIL-A",2,4,5,5,5,5,5,4,5,5,5,5,5,4,5,5,5,3,5,5,5,2,4,4,5,5,5,"Student","friend.relative",NA
"219",220,72802,1,2,2,1,12,"DAVID'S BURGERS",6,5,5,5,5,5,5,5,5,5,5,5,5,5,5,4,3,5,4,3,3,3,3,5,5,5,5,"Student","drive",NA
"220",221,72086,2,2,2,1,5,"MCDONALD'S",2,3,5,3,1,3,3,3,1,1,1,1,1,1,1,3,1,1,1,3,3,3,4,1,4,3,5,"Student","friend.relative",NA
"221",222,72801,2,2,1,1,2,"KFC",2,3,4,3,3,3,5,4,4,5,5,5,5,4,2,4,4,3,3,5,5,4,2,4,4,4,4,"Student","multiple.way",NA
"222",223,72801,2,2,2,1,16,"MCDONALD'S",4,3,5,5,5,5,5,5,5,5,4,5,5,5,3,5,2,4,5,5,5,4,5,5,4,4,4,"Student","friend.relative",NA
"223",224,72830,2,2,3,1,16,"WENDY'S",2,4,5,5,3,3,4,4,5,5,5,4,4,3,5,5,4,5,5,5,5,5,5,5,5,5,5,"Student","friend.relative",NA
"224",225,72801,2,2,5,1,4,"TROPICAL SMOOTHIE",2,4,5,3,5,3,3,3,4,4,3,3,4,2,4,3,4,3,3,4,2,2,4,4,4,4,5,"Student","friend.relative",NA
"225",226,72206,2,2,3,1,24,"CHICK-FIL-A",1,5,3,3,5,5,5,5,5,5,5,5,1,5,5,5,5,5,5,5,5,5,5,5,4,5,5,"Student","sign",NA
"226",227,72801,1,3,1,1,12,"TACO BELL",2,4,5,5,2,2,3,3,5,5,5,3,5,4,3,5,5,5,5,5,5,5,3,5,5,5,1,"Student","multiple.way",NA
"227",228,72801,1,2,1,1,6,"TACO BELL",1,4,5,5,2,2,4,3,5,5,5,3,5,5,5,5,5,5,5,5,5,3,5,4,5,5,4,"Student","sign",NA
"228",229,72638,1,2,1,1,10,"TACO BELL",6,4,5,5,4,4,3,4,5,5,4,5,5,4,3,4,5,4,3,2,5,5,4,5,4,5,4,"Student","TV.ad",NA
"229",230,72801,1,2,4,1,4,"TACO BELL",6,4,4,3,4,3,4,3,5,5,5,3,5,4,4,5,3,5,4,5,5,4,1,4,5,5,5,"Student","TV.ad",NA
"230",231,72921,1,2,2,1,24,"CHICK-FIL-A",2,3,3,3,3,3,3,3,3,3,3,3,3,3,3,3,3,3,3,3,3,3,3,3,4,5,4,"Student","sign",NA
"231",232,72802,2,2,1,1,4,"TROPICAL SMOOTHIE",3,5,5,5,5,5,5,5,5,5,5,5,4,5,4,4,5,4,4,4,4,4,5,5,5,5,5,"Student","drive",NA
"232",233,72801,1,2,3,1,4,"CHICK-FIL-A",1,5,5,4,5,4,5,5,5,5,5,5,5,4,5,5,4,5,5,4,5,4,5,5,5,5,5,"Student","drive",NA
"233",234,72801,1,3,3,1,8,"SUBWAY",2,5,5,5,4,4,4,4,4,5,4,4,4,4,4,4,4,4,3,3,5,4,5,4,5,5,5,"Student","drive",NA
"234",235,72801,1,1,1,1,30,"TACO BELL",4,5,5,5,5,5,5,5,5,5,5,5,5,5,5,5,5,5,5,5,5,5,5,5,5,5,5,"Student","multiple.way",NA
"235",236,75802,1,2,1,1,28,"ZAXBY'S",4,5,5,3,4,4,5,5,5,5,5,5,5,5,2,3,1,2,3,5,1,2,3,5,5,5,5,"Student","multiple.way",NA
"236",237,72807,1,2,1,1,4,"CHICK-FIL-A",1,4,4,4,5,5,5,5,5,5,5,4,5,5,5,5,3,5,5,5,5,2,5,5,5,5,5,"Student","friend.relative",NA
"237",238,72834,1,2,2,1,6,"BURGER KING",1,3,5,5,3,3,3,3,4,3,4,3,4,3,3,3,4,4,4,4,4,4,3,4,4,3,2,"Student","TV.ad",NA
"238",239,72801,1,2,1,1,8,"BURGER KING",1,5,5,4,4,3,4,4,4,5,4,5,5,4,5,5,4,5,3,3,4,5,2,5,5,5,4,"Student","multiple.way",NA
"239",240,72801,2,2,1,1,6,"MCDONALD'S",5,3,4,2,4,4,4,4,4,4,4,4,4,4,4,4,5,5,4,5,4,2,2,4,4,4,4,"Student","multiple.way",NA
"240",241,72135,2,2,1,1,16,"MCDONALD'S",2,4,5,4,3,4,2,4,5,5,5,5,5,5,5,5,5,5,5,5,5,5,4,5,5,5,5,"Student","sign",NA
"241",242,72801,2,2,4,1,2,"POPEYE'S",3,4,4,4,4,3,4,4,5,5,5,5,5,2,4,3,4,3,4,5,2,3,3,2,2,5,4,"Student","multiple.way",NA
"242",243,72801,1,2,1,1,8,"TACO BELL",6,4,4,5,5,4,5,5,4,5,4,4,5,3,5,4,3,4,4,5,5,3,2,5,5,5,4,"Student","multiple.way",NA
"243",244,72016,1,2,3,1,4,"ZAXBY'S",1,5,5,5,5,4,4,5,5,5,4,4,3,4,5,3,3,4,4,4,5,3,2,5,5,5,4,"Student","multiple.way",NA
"244",245,72855,2,2,2,1,12,"CHICK-FIL-A",2,2,3,2,1,3,1,3,4,4,4,4,4,4,4,4,3,2,3,3,3,3,1,3,3,3,3,"Student","other",NA
"245",246,72801,1,2,1,1,8,"WENDY'S",1,5,5,5,5,5,5,5,5,5,5,4,4,5,5,3,5,5,3,5,5,4,3,5,4,5,5,"Student","sign",NA
"246",247,72801,1,2,2,1,4,"TROPICAL SMOOTHIE",1,4,5,4,5,3,4,4,5,5,5,5,5,5,5,2,4,4,3,5,5,4,5,5,4,5,5,"Student","sign",NA
"247",248,72801,1,2,1,1,20,"MCDONALD'S",1,4,4,4,4,4,4,4,3,1,3,1,5,3,4,5,5,5,5,5,5,3,3,3,4,4,3,"Student","drive",NA
"248",249,72801,2,2,3,4,12,"OTHER",4,5,5,5,4,5,5,4,5,4,4,3,4,2,5,4,2,5,5,5,3,1,5,5,5,5,5,"Student","friend.relative",NA
"249",250,72212,1,3,1,1,16,"CHIPOTLE",1,5,5,5,5,5,5,5,5,5,5,5,5,5,5,5,1,5,5,5,1,5,5,5,1,5,5,"Student","friend.relative",NA
"250",251,72801,1,2,4,1,30,"CHICK-FIL-A",1,5,4,2,3,4,4,5,5,5,5,5,5,3,5,4,5,3,4,5,2,2,4,5,5,5,5,"Student","friend.relative",NA
"251",252,72114,1,2,2,1,20,"MCDONALD'S",4,4,4,5,4,3,5,4,5,4,3,4,5,4,4,2,3,2,5,4,5,4,5,4,4,4,4,"Student","multiple.way",NA
"252",253,70546,1,2,1,1,50,"CHILI'S",4,3,3,3,4,5,4,4,5,3,4,4,5,3,3,3,3,5,3,4,3,1,4,4,4,2,3,"Student","friend.relative",NA
"253",254,72834,2,3,2,1,4,"OTHER",2,5,2,2,5,5,5,5,5,5,3,5,5,4,3,5,5,5,5,5,4,5,5,5,5,5,5,"Student","multiple.way",NA
"254",255,72802,2,2,4,1,16,"CHICK-FIL-A",3,5,5,4,5,4,4,4,5,5,5,5,5,5,5,5,4,5,5,5,4,5,5,5,5,5,5,"Student","social.media",NA
"255",256,72801,1,2,3,1,8,"DAIRY QUEEN",1,4,5,5,4,3,4,4,5,5,5,5,5,4,4,5,3,4,5,4,5,5,3,5,5,5,5,"Student","TV.ad",NA
"256",257,71913,1,2,1,1,6,"FIREHOUSE SUBS",4,4,5,5,3,4,4,3,5,5,4,4,5,4,3,4,3,4,4,4,3,3,4,4,5,5,5,"Student","sign",NA
"257",258,72801,1,2,1,1,24,"CHICK-FIL-A",5,5,5,3,5,4,3,3,4,5,5,4,5,4,4,5,5,5,5,5,1,3,5,5,5,5,5,"Student","sign",NA
"258",259,72204,2,2,1,1,8,"CHICK-FIL-A",1,3,4,2,2,4,1,2,4,4,4,3,3,2,1,3,3,3,3,3,2,3,2,4,3,3,2,"Student","multiple.way",NA
"259",260,72116,2,3,2,1,8,"IHOP",3,3,5,4,3,4,4,3,5,5,4,3,4,3,4,3,2,3,3,4,2,3,4,5,4,5,5,"Student","drive",NA
"260",261,72675,2,3,3,1,12,"SONIC",2,5,5,5,5,5,5,3,5,5,4,4,5,3,5,5,5,5,5,4,5,5,2,5,5,5,5,"Student","social.media",NA
"261",262,72120,1,2,1,1,4,"SONIC",4,4,3,3,2,4,5,5,4,5,3,3,5,2,5,3,3,4,5,4,4,5,5,5,5,4,5,"Student","drive",NA
"262",263,72103,2,2,2,1,2,"TACO BELL",3,4,4,3,4,3,3,3,4,4,3,3,5,3,3,3,3,3,4,4,4,4,3,5,5,5,5,"Student","TV.ad",NA
"263",264,72204,1,2,2,1,8,"SONIC",1,3,3,3,3,4,4,4,2,3,3,3,4,2,1,3,2,3,1,3,3,2,2,2,3,4,3,"Student","TV.ad",NA
"264",265,72802,1,2,3,1,12,"TACO BUENO",1,3,1,1,3,4,4,4,5,5,5,3,5,4,5,4,3,4,4,4,5,3,2,4,4,4,4,"Student","drive",NA
"265",266,72756,1,2,3,1,4,"TACO BELL",3,4,5,5,4,4,5,5,5,5,5,5,5,4,5,4,5,5,3,4,5,3,4,4,5,5,3,"Student","multiple.way",NA
"266",268,72022,2,2,1,1,24,"SUBWAY",4,5,5,3,2,3,5,5,5,5,5,4,2,4,4,5,5,5,5,5,5,5,5,5,5,5,5,"Student","drive",NA
"267",269,72801,2,2,2,1,20,"TACO BELL",3,4,3,2,3,3,3,3,5,5,3,5,5,3,3,4,3,4,5,5,5,3,2,5,4,5,5,"Student","other",NA
"268",270,72810,2,2,1,1,12,"TACO BELL",2,3,5,3,4,5,5,4,5,5,4,2,5,4,5,4,5,2,3,3,3,3,4,4,3,5,5,"Student","friend.relative",NA
"269",271,76031,2,3,1,1,24,"CHICK-FIL-A",4,5,3,3,4,3,3,3,5,5,3,3,4,3,5,3,2,4,5,3,3,4,4,5,5,5,5,"Student","multiple.way",NA
"270",272,76031,2,2,1,1,20,"CHICK-FIL-A",4,4,5,5,3,3,4,5,4,5,5,5,4,3,4,3,3,2,4,4,5,2,1,4,4,5,5,"Student","multiple.way",NA
"271",273,72712,2,3,1,1,20,"MCDONALD'S",4,4,4,4,5,2,4,2,5,5,4,2,5,5,5,5,1,5,2,3,5,5,1,5,5,5,2,"Student","friend.relative",NA
"272",274,72801,2,2,1,1,12,"MCDONALD'S",3,4,4,4,4,4,5,4,2,5,5,5,5,2,4,5,5,5,5,5,5,5,1,5,5,5,5,"Student","friend.relative",NA
"273",275,72801,2,2,1,1,20,"CHICK-FIL-A",4,4,5,5,3,3,3,5,5,5,5,4,5,4,5,3,4,4,4,4,5,4,3,4,3,4,3,"Student","other",NA
"274",276,71998,1,2,1,1,12,"WENDY'S",3,4,4,5,3,4,4,4,5,5,4,4,5,4,5,4,3,4,3,4,4,3,3,3,4,5,4,"Student","friend.relative",NA
"275",277,72801,2,2,1,1,20,"SUBWAY",3,3,4,5,3,3,5,4,5,5,4,3,5,5,5,4,3,3,3,5,5,4,2,3,4,4,5,"Student","TV.ad",NA
"276",278,72801,2,2,1,1,28,"SONIC",4,4,5,3,3,2,2,4,5,5,5,3,4,3,4,3,5,5,5,5,5,4,4,5,4,4,4,"Student","drive",NA
"277",279,72801,1,2,3,1,20,"WHATTABURGER",1,4,3,1,2,4,4,4,5,5,5,5,5,5,5,4,5,5,4,5,5,4,3,5,5,5,5,"Student","News.ad",NA
"278",280,72802,1,2,1,1,4,"ZAXBY'S",3,4,4,3,3,3,4,3,5,5,5,3,3,4,4,4,5,5,5,5,4,4,4,5,5,4,4,"Student","friend.relative",NA
"279",281,72687,2,2,1,1,8,"POPEYE'S",2,3,5,5,5,3,2,3,3,5,2,5,5,3,4,5,1,5,5,5,5,5,5,5,5,5,5,"Student","sign",NA
"280",282,72118,1,2,2,1,4,"TACO BELL",4,5,4,4,4,4,5,5,5,5,5,5,5,4,5,5,5,5,5,5,4,4,4,5,5,5,4,"Student","multiple.way",NA
"281",283,72903,2,2,2,1,3,"TACO BELL",3,3,4,4,4,4,5,5,5,5,5,5,5,5,5,4,3,4,4,5,5,3,3,4,4,4,4,"Student","drive",NA
"282",284,72801,1,2,4,1,16,"ZAXBY'S",4,4,4,3,4,3,3,3,5,5,5,4,4,4,5,4,3,5,5,3,4,3,3,4,5,5,5,"Student","friend.relative",NA
"283",285,72837,1,2,4,1,32,"WHATTABURGER",1,3,3,2,3,4,4,4,4,4,4,4,3,3,3,3,3,4,4,4,4,4,3,3,4,4,3,"Student","sign",NA
"284",286,72801,1,2,3,1,20,"SONIC",6,4,3,3,4,4,4,4,5,5,5,5,5,4,4,4,3,4,3,3,2,5,3,5,5,5,4,"Student","drive",NA
"285",287,72801,1,2,3,1,20,"TACO BELL",1,3,5,5,4,3,4,4,5,5,5,3,5,5,5,5,3,4,4,5,5,4,3,4,5,5,3,"Student","drive",NA
"286",288,72023,1,2,1,1,12,"CHICK-FIL-A",2,4,4,4,5,4,4,4,5,4,4,3,4,3,4,4,3,5,4,4,3,3,2,5,5,5,5,"Student","friend.relative",NA
"287",289,72802,2,2,4,1,16,"POPEYE'S",2,4,5,5,5,4,5,4,5,5,5,5,5,5,5,4,3,5,5,5,5,5,5,5,5,5,5,"Student","drive",NA
"288",290,72801,2,2,4,1,4,"STEAK N SHAKE",1,3,3,3,3,4,4,4,5,5,5,5,5,5,5,3,3,4,4,4,5,5,3,4,5,4,4,"Student","drive",NA
"289",291,71667,2,2,1,1,4,"TACO BELL",3,4,4,3,3,3,3,3,2,5,3,3,5,3,3,4,2,4,3,3,5,3,3,3,3,5,4,"Student","friend.relative",NA
"290",292,72802,1,2,2,1,8,"CHICK-FIL-A",2,3,3,3,3,3,3,3,5,5,3,3,3,3,3,3,3,3,3,3,3,3,3,3,4,4,4,"Student","TV.ad",NA
"291",293,72756,2,3,3,1,8,"SLIM CHICKEN",1,4,4,3,4,5,5,5,5,5,5,5,5,4,5,5,5,5,5,5,5,5,5,5,5,5,5,"Student","drive",NA
"292",294,72079,1,2,2,1,12,"KFC",1,3,3,3,3,3,3,3,3,3,3,3,3,3,3,3,3,3,3,3,3,3,3,3,5,5,5,"Student","sign",NA
"293",295,72940,2,2,1,1,6,"CHICK-FIL-A",1,5,5,5,5,5,5,5,5,5,5,5,5,4,5,4,5,5,5,5,5,5,5,5,5,5,5,"Student","drive",NA
"294",296,72801,1,2,1,1,28,"WHICH WICH",2,5,5,5,5,5,5,4,5,5,5,5,5,2,5,5,5,5,5,5,1,5,5,5,5,5,5,"Student","other",NA
"295",297,72811,1,2,1,1,6,"TACO BELL",5,5,5,5,5,5,5,5,5,5,4,3,5,4,5,5,5,5,5,5,5,5,5,5,5,5,5,"Student","friend.relative",NA
"296",298,73150,2,3,2,1,6,"MCDONALD'S",2,4,4,4,4,3,5,4,4,4,5,2,5,3,4,4,5,2,3,4,5,4,5,4,4,5,4,"Student","drive",NA
"297",299,72801,1,2,1,1,28,"MCDONALD'S",5,5,5,5,5,5,5,5,5,5,5,5,5,5,5,5,5,5,5,5,5,5,5,5,5,5,5,"Student","friend.relative",NA
"298",300,72837,1,2,1,1,6,"WENDY'S",1,4,5,5,3,3,2,3,5,5,5,3,5,4,2,3,5,5,3,5,3,3,4,3,4,3,3,"Student","drive",NA
"299",301,72802,1,1,2,3,20,"CHICK-FIL-A",5,4,4,4,4,5,4,4,5,5,5,3,4,4,4,3,3,4,4,4,4,3,3,5,5,5,4,"Student","other",NA
"300",302,72802,1,2,5,2,8,"TACO BELL",2,5,5,5,5,4,3,2,5,5,5,5,5,5,4,5,5,5,5,5,5,4,2,5,5,5,4,"Student","sign",NA
"301",303,72802,2,2,4,1,40,"MCDONALD'S",4,4,3,3,4,3,4,5,4,5,3,3,5,2,3,4,5,5,4,3,3,5,2,3,4,5,4,"Student","multiple.way",NA
"302",304,72837,2,1,4,2,36,"FREDDY'S",2,5,3,3,5,5,5,5,5,5,5,3,3,3,5,3,3,3,3,3,5,3,3,5,5,5,5,"Student","drive",NA
"303",305,72801,2,1,3,1,16,"MCDONALD'S",1,3,4,2,3,3,3,3,4,4,2,3,5,2,5,5,3,5,5,3,2,4,1,4,4,5,3,"Student","drive",NA
"304",306,72801,2,2,1,1,8,"WENDY'S",2,5,4,3,4,3,4,4,4,5,3,2,5,3,2,4,3,4,3,3,3,4,2,3,5,5,5,"Student","sign",NA
"305",307,72801,2,2,2,1,4,"ARBY'S",1,2,2,3,4,3,2,4,3,2,4,3,3,2,3,5,4,4,3,3,5,4,4,3,3,3,2,"Student","drive",NA
"306",308,72801,2,1,4,1,20,"CHICK-FIL-A",3,5,5,5,5,5,5,5,5,5,5,5,5,5,5,5,5,5,5,5,5,5,5,5,5,5,5,"Student","friend.relative",NA
"307",309,72802,2,2,4,2,16,"ARBY'S",1,2,4,2,4,4,4,4,4,4,4,4,4,4,4,4,2,4,4,4,4,4,4,4,5,5,5,"Student","drive",NA
"308",310,72801,2,2,5,2,8,"OTHER",2,4,5,5,4,4,4,4,4,4,4,4,4,5,4,4,3,4,3,4,4,3,3,3,4,4,3,"Student","friend.relative",NA
"309",311,72801,1,2,3,1,1,"POPEYE'S",1,4,4,5,5,3,3,4,1,4,4,4,5,4,3,4,4,4,4,5,4,4,4,5,4,3,4,"Student","drive",NA
"310",312,72801,2,2,3,1,2,"MCDONALD'S",2,4,4,4,4,5,4,4,3,3,5,4,4,4,4,3,4,3,5,5,5,4,2,4,4,3,3,"Student","multiple.way",NA
"311",313,72801,2,1,3,1,2,"WENDY'S",2,4,4,3,4,4,4,3,4,4,4,3,5,3,4,4,5,5,4,5,5,5,5,4,4,4,3,"Student","social.media",NA
"312",1,72801,1,1,6,5,2,"QUIZNO'S",2,5,5,5,5,5,5,5,5,5,5,5,5,5,5,4,3,5,4,4,3,4,4,4,5,5,5,"Other","other","SCAMMER"
"313",2,72857,2,1,6,3,8,"WENDY'S",2,3,4,4,3,3,4,3,4,4,3,3,4,4,4,3,3,4,4,4,4,2,4,4,4,4,4,"Other","friend.relative","STAFF"
"314",3,72837,1,3,6,5,10,"WENDY'S",5,3,5,3,2,2,5,3,5,5,5,5,4,4,4,4,5,5,4,3,4,3,2,3,5,4,5,"Other","social.media","PHOTOGRAPHY"
"315",4,72811,2,1,6,2,8,"STEAK N SHAKE",6,3,3,3,3,2,3,3,3,3,3,2,3,2,3,3,3,3,3,3,2,3,3,3,3,4,3,"Health Care","coupons","OT"
"316",5,72834,1,3,6,6,27,"SUBWAY",1,3,2,2,3,3,4,3,4,3,4,4,3,1,3,3,3,4,4,3,1,3,4,4,3,4,4,"Unemployed","sign","RETIRED"
"317",6,72801,1,1,6,4,4,"TACO JOHN'S",4,4,4,4,4,4,4,4,4,4,4,4,4,4,4,4,4,4,4,4,4,4,4,4,4,4,4,"Manual Laborer/Maintenance/Driver","drive","TIRES"
"318",7,72801,1,1,6,3,8,"SUBWAY",2,5,4,4,4,5,5,5,5,5,5,5,4,4,5,5,3,4,5,3,3,3,5,4,5,5,3,"Law Enforcement/Attorney/Military","TV.ad","POLICE OFFICER"
"319",8,72802,2,1,6,1,4,"ARBY'S",5,3,4,4,2,2,1,2,1,3,2,3,3,2,3,2,3,3,3,3,3,3,3,3,3,2,2,"Customer Service/Sales","TV.ad","RETAIL"
"320",9,72802,2,2,6,2,12,"DAIRY QUEEN",2,1,3,4,1,3,4,4,3,3,4,3,3,4,3,3,3,3,3,3,3,3,2,3,1,3,3,"Customer Service/Sales","drive","SALES ASSOC"
"321",10,72801,2,1,6,4,8,"TACO BELL",3,4,4,2,2,3,4,3,5,5,3,3,5,4,3,4,5,4,4,4,4,3,2,4,3,3,3,"Customer Service/Sales","drive","SALES  "
"322",11,72802,1,3,6,6,8,"TACO JOHN'S",2,4,4,3,4,3,3,3,3,3,3,3,4,3,4,3,3,3,3,3,3,4,3,4,4,4,4,"Manual Laborer/Maintenance/Driver","social.media","TRUCKER"
"323",12,72834,1,1,6,3,4,"ARBY'S",1,4,5,5,4,4,4,3,5,5,4,3,3,4,4,4,5,5,5,4,5,3,3,4,4,5,4,"Health Care","drive","PHYSICAL THERAPY"
"324",13,72837,1,2,6,3,24,"TACO BELL",6,3,3,2,2,2,3,1,3,3,3,3,4,3,1,3,3,3,4,2,1,3,3,4,3,3,3,"Law Enforcement/Attorney/Military","drive","COP"
"325",14,72801,2,2,6,1,12,"WENDY'S",2,4,5,5,4,5,5,5,5,5,5,5,5,5,5,5,5,5,5,5,5,5,3,5,5,5,5,"Office Job","drive","CLERK"
"326",15,72801,2,2,6,2,4,"CHICK-FIL-A",3,5,5,5,5,5,5,5,5,5,5,5,5,5,5,5,5,5,5,5,5,5,3,5,5,5,5,"Office Job","drive","SECRETARY"
"327",16,72837,2,2,6,3,8,"POPEYE'S",1,4,3,3,5,3,2,1,2,5,5,4,3,5,2,3,5,5,4,5,5,4,5,2,3,4,3,"Educator","friend.relative","TEACHER"
"328",17,72821,2,2,6,5,7,"SUBWAY",4,5,5,4,5,5,5,4,4,5,5,4,5,4,5,4,4,4,5,5,5,4,5,4,4,5,5,"Other","social.media","DOG SITTER"
"329",18,72837,2,1,6,4,5,"TACO BELL",5,4,4,4,4,5,4,5,4,4,5,4,3,4,5,4,5,5,4,4,3,3,4,5,4,5,4,"Educator","drive","PROFESSOR"
"330",19,72801,1,3,6,3,8,"CHICK-FIL-A",3,3,4,2,3,4,5,5,3,5,4,4,2,3,3,5,2,3,5,3,5,5,4,2,5,5,5,"Law Enforcement/Attorney/Military","friend.relative","POLICE OFFICER"
"331",20,72801,1,1,6,4,12,"MCDONALD'S",2,2,3,1,2,2,3,1,4,2,1,2,3,1,2,4,3,4,5,2,2,1,1,2,4,2,3,"Other","other","POET/MUSICIAN"
"332",21,72801,2,3,6,2,20,"CHICK-FIL-A",2,4,4,4,4,4,4,4,5,4,4,4,4,5,4,4,5,5,5,5,5,5,5,4,5,5,5,"Educator","drive","GYM COACH"
"333",22,72837,2,2,6,2,30,"KFC",4,3,3,4,3,2,3,4,3,4,4,3,3,4,3,3,3,4,3,2,2,2,2,3,4,3,3,"Office Job","drive","BANK TELLER"
"334",23,72802,2,1,6,2,20,"SONIC",2,4,3,4,4,4,5,5,5,5,4,5,2,2,4,4,3,5,5,5,5,3,2,4,5,5,5,"Unemployed","drive","STAY AT HOME MOM"
"335",24,72837,1,2,6,2,16,"CHICK-FIL-A",2,4,4,4,4,3,5,3,3,4,5,4,2,2,2,4,3,3,4,5,5,4,2,3,4,4,3,"Customer Service/Sales","drive","WALMART"
"336",25,72801,2,1,6,6,2,"ZAXBY'S",2,3,3,4,3,3,3,4,2,3,3,5,4,3,3,2,2,3,5,5,3,4,3,3,4,3,3,"Unemployed","coupons","RETIRED"
"337",26,72801,1,2,6,3,20,"TACO BELL",1,5,5,5,5,5,5,5,5,5,5,5,5,5,5,5,5,5,5,5,5,5,5,5,5,5,5,"Management","sign","MANAGER"
"338",27,72837,1,1,6,4,4,"WENDY'S",4,4,4,4,3,4,4,3,4,4,4,4,3,4,4,3,3,4,3,5,4,4,3,4,4,5,5,"Law Enforcement/Attorney/Military","friend.relative","CAPTAIN"
"339",28,72834,2,2,6,3,16,"MCALISTERS",1,5,3,2,3,4,4,3,2,3,3,2,4,2,5,3,3,4,3,2,1,3,4,4,4,4,4,"Other","drive","HAIRDRESSER"
"340",29,72802,1,1,6,3,8,"TROPICAL SMOOTHIE",1,3,3,3,3,3,3,3,3,3,3,3,3,3,3,3,3,3,3,5,5,3,5,5,3,3,3,"Law Enforcement/Attorney/Military","mobile","DETECTIVE"
"341",30,72802,2,1,6,3,4,"CHICK-FIL-A",3,5,3,3,5,5,5,5,5,5,5,5,2,5,5,5,5,5,5,5,5,5,5,5,5,5,5,"Educator","friend.relative","TEACHER"
"342",31,72802,1,1,6,2,12,"WENDY'S",2,4,4,4,4,4,5,4,4,4,5,4,5,4,5,5,5,5,5,5,5,3,3,5,5,5,5,"Clerical","drive","PASTOR"
"343",32,72802,2,1,6,3,12,"CHICK-FIL-A",1,5,4,4,5,5,5,5,5,5,5,5,5,4,5,5,5,5,5,5,5,5,5,5,5,5,5,"Health Care","other","MEDICAL"
"344",33,72801,2,2,6,2,4,"MCDONALD'S",6,3,3,3,3,3,3,4,2,3,3,2,5,3,3,4,5,3,3,3,3,3,3,3,3,5,5,"Customer Service/Sales","friend.relative","WALMART"
"345",34,72601,2,2,6,6,12,"DAIRY QUEEN",1,3,3,3,3,3,3,5,5,5,5,5,5,5,4,4,4,4,4,4,4,4,4,4,5,5,5,"Unemployed","multiple.way","RETIRED"
"346",35,72211,2,2,6,5,44,"LITTLE CAESARS",2,4,4,4,5,5,4,4,4,4,5,5,5,5,5,5,3,4,5,4,4,5,3,4,5,4,4,"Management","flyer","BRIDAL MANAGER"
"347",36,72211,2,1,6,4,24,"CHICK-FIL-A",1,5,5,4,5,5,5,5,5,5,5,5,4,5,5,5,5,5,5,5,5,5,5,5,5,5,5,"Health Care","sign","MEDICAL CODER"
"348",37,63109,1,1,6,4,2,"SUBWAY",1,4,4,4,4,3,3,3,4,5,4,4,4,3,4,4,3,4,3,5,3,3,4,4,4,4,2,"Educator","multiple.way","PROFESSOR"
"349",38,72802,1,2,6,3,48,"TACO BELL",1,3,3,5,3,3,3,3,5,5,5,3,5,5,3,3,3,3,3,3,3,3,3,3,3,5,3,"Educator","drive","PROFESSOR"
"350",39,72837,2,1,6,2,2,"CHICK-FIL-A",1,5,5,5,5,5,5,5,5,5,5,5,5,5,5,4,5,5,5,5,5,4,5,5,5,5,5,"Office Job","multiple.way","ADMIN SPEC"
"351",40,72801,1,2,6,5,15,"OTHER",2,2,2,2,1,4,4,3,2,4,2,2,4,3,4,3,3,2,2,3,3,1,1,4,3,3,1,"Educator","sign","PROFESSOR"
"352",41,72802,2,1,6,5,1,"BURGER KING",2,4,4,5,4,3,4,3,5,5,5,4,4,4,5,4,3,4,4,5,3,5,1,5,5,5,4,"Unemployed","coupons","RETIRED"
"353",42,72802,1,1,6,4,4,"BURGER KING",1,3,3,5,3,5,5,5,5,5,5,5,5,5,5,4,3,5,4,4,3,5,3,5,5,5,5,"Educator","coupons","PROFESSOR"
"354",43,72801,1,2,6,2,1,"KFC",1,2,5,5,2,3,4,3,5,5,5,5,5,5,5,5,1,1,5,5,5,1,2,5,5,5,4,"Educator","sign","ASSISTANT PROFESSOR"
"355",44,72801,1,1,6,2,2,"OTHER",3,3,4,4,4,4,4,4,4,3,3,3,3,3,4,3,3,3,3,4,3,3,3,3,4,3,3,"Educator","friend.relative","PROFESSOR"
"356",45,72801,2,2,6,6,3,"POPEYE'S",1,3,2,2,2,2,3,3,4,5,4,3,5,5,5,5,4,2,3,4,5,3,1,5,4,4,4,"Educator","drive","PROFESSOR"
"357",46,72801,1,1,6,2,8,"ARBY'S",2,5,4,4,5,5,5,5,5,5,4,4,4,4,2,4,4,2,4,5,5,2,4,2,5,4,4,"Educator","billboard","VISITING SCHOLAR"
"358",47,72801,2,1,6,5,2,"MCALISTERS",4,4,4,4,3,4,5,4,4,4,4,4,5,3,5,3,3,2,4,4,3,3,2,3,4,3,3,"Educator","friend.relative","VISITING SCHOLAR"
"359",48,72802,2,1,6,2,1,"MCALISTERS",1,4,4,4,4,4,4,4,4,4,4,4,5,4,4,4,5,4,4,5,5,4,4,4,5,5,5,"Educator","mobile","ASSISTANT PROFESSOR"
"360",49,72802,2,1,6,2,2,"CHICK-FIL-A",4,4,5,4,3,4,5,4,5,5,4,4,4,5,5,4,3,4,4,5,4,3,4,5,4,4,4,"Educator","multiple.way","PROFESSOR"
"361",50,72801,2,1,6,2,4,"CHIPOTLE",4,4,4,4,4,4,4,3,3,4,4,4,4,3,4,4,4,4,4,4,4,3,3,4,4,4,4,"Educator","coupons","EDUCATOR"
"362",51,72801,2,2,6,2,3,"FIREHOUSE SUBS",4,5,5,4,5,3,3,4,5,5,5,4,5,4,5,4,3,5,5,3,1,3,5,5,5,5,5,"Educator","sign","INSTRUCTOR"
"363",52,72802,1,2,6,2,12,"POPEYE'S",3,4,5,2,2,3,3,4,1,3,3,3,4,5,5,4,4,5,2,2,3,4,2,2,4,2,3,"Other","TV.ad","HOUSE CLEANER"
"364",53,72802,2,1,6,2,8,"CHICK-FIL-A",2,5,5,5,5,5,5,5,5,5,5,5,5,5,5,5,5,5,5,5,5,5,5,5,5,5,5,"Educator","other","TEACHER"
"365",54,72802,2,1,6,5,18,"ARBY'S",6,4,2,2,5,3,3,5,4,2,3,3,5,4,3,5,3,4,1,5,2,3,4,2,3,4,2,"Health Care","TV.ad","NURSE"
"366",55,72834,2,1,6,5,16,"MCDONALD'S",3,3,3,3,3,3,3,3,3,3,3,3,3,3,3,3,3,3,3,3,3,3,3,3,3,2,2,"Office Job","social.media","INSURANCE"
"367",56,72802,2,2,6,2,24,"CHICK-FIL-A",2,5,5,2,5,5,5,5,5,5,5,5,4,5,5,5,5,5,5,5,5,4,5,5,5,5,5,"Educator","sign","TEACHER"
"368",57,72834,2,1,6,4,12,"MCDONALD'S",1,4,5,2,2,3,2,4,4,5,4,2,5,4,4,4,5,5,5,5,5,3,3,5,4,5,5,"Office Job","News.ad","INSURANCE"
"369",58,72301,1,2,6,1,20,"MCDONALD'S",2,4,4,4,4,4,4,4,5,4,4,4,4,5,4,5,4,4,4,4,4,4,4,4,5,5,5,"Other","TV.ad",""
"370",59,72802,2,1,6,2,3,"TACO JOHN'S",1,5,3,4,1,5,3,3,4,5,5,5,5,5,5,2,2,1,3,3,5,4,5,5,3,3,3,"Customer Service/Sales","sign","WALMART"
"371",60,72837,2,1,6,4,8,"CHICK-FIL-A",2,5,5,4,5,5,5,5,5,5,5,5,5,5,5,5,5,5,5,5,5,5,5,5,5,5,5,"Health Care","mobile","NURSE"
"372",61,72801,1,2,6,1,20,"TACO JOHN'S",1,4,5,4,4,4,2,3,5,5,5,2,5,5,5,4,5,5,5,5,5,3,2,5,4,4,5,"Other","sign","FAST FOOD"
"373",62,72801,2,1,6,2,3,"FIREHOUSE SUBS",3,5,5,2,5,4,4,4,5,5,5,3,5,4,4,4,3,4,5,5,3,3,4,5,5,5,5,"Law Enforcement/Attorney/Military","other","LAWYER"
"374",63,72834,2,2,6,2,12,"SUBWAY",1,3,3,2,3,3,3,4,5,5,5,5,5,4,5,3,4,4,3,3,2,2,4,4,4,5,5,"Customer Service/Sales","billboard","CASHIER"
"375",64,72802,1,1,6,6,12,"TACO BELL",6,5,4,5,5,3,1,4,5,4,4,4,5,1,1,5,5,4,5,5,2,3,1,1,4,5,3,"Educator","billboard","TEACHER"
"376",65,72802,2,1,6,3,4,"TACO BELL",1,4,3,3,3,3,2,3,4,4,4,3,5,4,2,4,3,3,3,3,4,3,3,3,4,4,4,"Educator","other","TEACHER"
"377",66,72802,2,1,6,3,4,"CHICK-FIL-A",2,5,5,4,5,5,5,5,5,5,5,5,4,5,5,5,5,5,5,5,5,5,5,5,5,5,5,"Office Job","social.media","TELLER"
"378",67,72834,2,2,6,2,12,"TACO BELL",2,5,5,5,5,4,4,3,4,4,4,4,5,5,4,5,5,4,5,5,3,3,3,4,4,5,4,"Health Care","billboard","CARE GIVER"
"379",68,72802,1,1,6,3,16,"SUBWAY",4,4,5,2,3,2,4,5,3,4,4,4,5,3,4,5,3,4,2,1,3,4,3,4,3,3,3,"Manual Laborer/Maintenance/Driver","social.media","ELECTRICIAN"
"380",69,72811,1,2,6,4,12,"ARBY'S",2,3,4,4,3,3,3,3,3,3,2,3,3,2,3,3,2,3,2,3,3,4,3,2,3,3,2,"Other","sign","MAIL WORKER"
"381",70,72801,1,1,6,3,12,"TROPICAL SMOOTHIE",5,4,5,5,4,4,4,4,4,4,4,4,4,4,4,4,4,4,4,4,4,4,4,4,5,5,5,"Law Enforcement/Attorney/Military","drive","POLICE OFFICER"
"382",71,72834,1,2,6,2,20,"DOMINO'S PIZZA",1,4,3,4,3,3,4,3,5,5,5,5,5,5,5,2,2,2,4,4,2,2,2,4,4,4,4,"Manual Laborer/Maintenance/Driver","friend.relative","PIZZA DELIVERY"
"383",72,72801,2,1,6,1,20,"SPICES FOOD TRUCK",1,3,3,3,4,4,5,5,5,5,5,5,4,3,5,3,2,5,5,4,3,3,3,3,5,5,5,"Technology","multiple.way","IT SECURITY ANALYST"
"384",73,72834,2,2,6,2,2,"BURGER KING",2,4,4,3,2,2,2,2,4,4,3,1,5,4,5,5,5,5,5,5,5,4,3,3,5,5,4,"Health Care","billboard","PERSONAL CARE GIVER"
"385",74,72802,1,1,6,2,20,"TACO JOHN'S",1,3,3,3,3,3,3,3,2,3,2,2,4,3,3,3,3,3,3,3,5,4,2,3,3,5,4,"Law Enforcement/Attorney/Military","drive","POLICE OFFICER"
"386",75,72834,2,1,6,4,1,"MCDONALD'S",2,3,3,3,3,3,3,3,3,3,3,3,3,3,3,3,3,3,3,3,3,3,3,3,1,3,1,"Other","billboard","HOMEMAKER"
"387",76,62264,1,1,6,5,28,"MCDONALD'S",1,3,3,3,3,3,3,3,3,3,3,3,3,3,3,4,4,3,3,3,5,3,3,3,3,4,3,"Clerical","drive","PASTOR"
"388",77,72801,1,1,6,3,8,"WENDY'S",2,5,5,5,5,5,5,5,5,5,5,5,5,5,5,5,5,5,5,5,5,5,3,5,5,5,5,"Educator","drive","TEACHER"
"389",78,72801,2,1,6,3,16,"CHICK-FIL-A",4,5,5,4,5,5,5,5,5,5,5,5,4,4,5,5,3,5,5,3,5,3,5,5,5,5,5,"Educator","drive","TEACHER"
"390",79,72601,2,2,6,5,20,"WENDY'S",1,5,5,5,5,5,5,5,5,5,5,5,5,5,5,5,5,5,5,5,5,5,5,5,5,5,5,"Health Care","drive","NURSE"
"391",80,72837,2,1,6,5,28,"TACO JOHN'S",1,4,5,4,5,5,5,5,5,5,5,5,4,5,5,5,3,3,5,5,5,3,1,5,4,5,5,"Other","drive","SELF EMPLOYED"
"392",81,72837,1,1,6,5,8,"BURGER KING",1,4,5,5,4,5,5,5,5,5,5,5,4,4,5,5,3,3,4,5,5,3,1,5,5,5,5,"Other","drive","SELF EMPLOYED"
"393",82,72801,2,2,6,2,16,"TACO BELL",4,4,5,5,4,5,5,5,4,5,5,5,5,5,5,5,5,5,5,5,5,5,5,5,5,5,5,"Customer Service/Sales","drive","CUSTOMER SERVICE REP"
"394",83,72802,2,1,6,2,12,"TACO BELL",5,3,3,3,1,3,4,4,3,4,4,4,5,4,4,4,4,4,4,4,4,4,4,4,5,5,5,"Management","mobile","SUPERVISOR"
"395",84,72802,2,2,6,3,20,"MCDONALD'S",1,5,5,5,5,5,5,5,5,5,5,5,5,5,5,5,5,5,5,5,5,3,4,5,5,5,5,"Customer Service/Sales","drive","CUSTOMER SERVICE REP"
"396",85,72802,2,2,6,1,20,"CHICK-FIL-A",3,5,5,5,5,5,5,5,5,5,5,5,5,5,5,5,5,5,5,5,5,5,5,5,5,5,5,"Customer Service/Sales","friend.relative","CS"
"397",86,72834,2,1,6,2,8,"OTHER",2,5,5,4,5,5,5,4,5,5,5,5,5,4,5,5,3,4,5,4,3,3,4,4,5,4,4,"Other","drive","COMMUNICATIONS"
"398",87,72801,1,1,6,3,16,"OTHER",1,5,5,5,5,5,5,5,5,5,5,5,5,5,5,4,3,4,4,4,4,4,4,4,4,4,4,"Management","drive","SUPERVISOR"
"399",88,72865,1,3,6,5,1,"CAVANAGH ROAD PIZZA",2,4,4,4,5,4,3,3,5,5,4,3,5,3,5,5,3,5,5,5,3,2,3,5,5,5,5,"Manual Laborer/Maintenance/Driver","friend.relative","MAINTENANCE"
"400",89,72834,3,3,6,3,16,"SONIC",3,5,4,4,2,3,4,4,5,1,1,1,3,3,4,4,2,4,4,3,3,3,4,1,1,1,1,"Unemployed","sign","CAT LADY"
"401",90,72837,1,2,6,3,1,"ARBY'S",1,4,4,5,4,4,4,3,4,5,3,2,4,3,4,5,4,4,3,4,4,3,3,4,4,4,4,"Customer Service/Sales","other","CUSTOMER SERVICE REP"
"402",91,72801,1,1,6,3,24,"BRAUM'S",4,5,5,5,4,5,5,5,5,5,5,4,5,5,5,5,4,5,5,5,5,3,2,5,5,5,5,"Customer Service/Sales","drive","CSR"
"403",92,72802,2,2,6,2,8,"CHICK-FIL-A",2,5,3,4,4,4,4,3,1,3,2,3,2,2,2,4,3,3,2,5,5,2,1,2,2,5,3,"Customer Service/Sales","drive","CUSTOMER SERVICE REP"
"404",93,72801,2,2,6,2,8,"ARBY'S",2,5,5,4,5,4,3,4,4,5,3,2,5,2,2,5,5,5,4,5,5,2,3,2,2,4,4,"Customer Service/Sales","friend.relative","CSR"
"405",94,72823,2,1,6,3,4,"SONIC",2,3,3,3,2,4,4,3,3,4,3,3,4,3,4,3,3,4,3,4,4,3,3,4,4,5,4,"Customer Service/Sales","drive","CCR"
"406",95,72802,2,2,6,2,20,"SUBWAY",1,5,5,5,5,5,5,5,5,5,5,5,5,5,5,5,5,5,5,5,5,3,4,5,5,5,5,"Customer Service/Sales","other","CUSTOMER SERVICE REP"
"407",96,72801,1,2,6,4,12,"WENDY'S",2,5,5,5,5,5,5,5,5,5,5,5,5,5,5,5,5,5,5,5,5,5,5,5,5,5,5,"Management","mobile","MANAGER"
"408",97,72802,1,1,6,2,24,"TACO BELL",2,4,5,5,5,3,4,4,5,5,5,4,5,4,5,5,5,5,5,5,5,4,3,5,4,5,4,"Technology","drive","TECH SUPPORT"
"409",98,72801,2,2,6,2,28,"WENDY'S",2,3,3,2,3,4,3,4,4,4,4,5,5,4,3,4,4,5,5,5,4,4,3,4,4,4,4,"Health Care","coupons","NURSING ASSIST"
"410",99,72801,1,2,6,1,12,"TACO JOHN'S",4,4,5,5,4,5,5,5,4,5,4,4,5,4,2,4,3,4,4,3,5,2,2,4,4,3,3,"Customer Service/Sales","drive","CASHIER"
"411",100,72801,2,1,6,3,12,"SONIC",1,4,1,5,3,5,5,5,2,4,3,3,5,2,5,5,1,5,4,4,4,3,2,5,3,4,4,"Customer Service/Sales","drive","CSR"
"412",101,72801,2,2,6,1,16,"TACO BELL",1,4,4,4,4,4,4,4,4,4,4,4,4,4,4,4,4,4,4,4,4,4,4,4,4,4,4,"Customer Service/Sales","drive","CASHIER"
"413",102,72801,1,1,6,5,4,"KFC",2,3,3,3,4,4,4,4,5,4,4,3,4,4,4,4,3,4,4,4,5,4,2,3,4,4,4,"Unemployed","drive","RETIRED"
"414",103,72801,2,2,6,3,3,"HARDEE'S",1,2,5,5,2,1,1,1,3,4,3,2,3,4,4,4,2,4,5,4,3,5,1,4,3,2,2,"Customer Service/Sales","drive","CASHIER"
"415",104,72801,2,2,6,2,12,"ARBY'S",1,5,4,4,5,5,5,5,5,5,5,5,5,5,5,3,3,4,4,4,5,3,3,5,5,5,5,"Customer Service/Sales","friend.relative","CASHIER"
"416",105,72801,2,2,6,2,12,"WHATTABURGER",3,5,5,5,5,5,5,5,5,5,5,5,5,5,5,5,5,5,5,5,5,5,5,5,5,5,5,"Customer Service/Sales","friend.relative","CSR"
"417",106,72801,1,1,6,2,1,"BURGER KING",5,2,4,4,2,3,3,3,4,3,3,3,4,4,4,5,2,4,5,3,5,5,1,5,2,2,1,"Office Job","coupons","BANK TELLER"
"418",107,72801,1,2,6,1,8,"CHICK-FIL-A",1,5,3,3,5,5,5,3,5,4,3,4,3,2,4,3,5,5,3,3,4,3,3,5,5,5,5,"Customer Service/Sales","social.media","CSR"
"419",108,72801,2,2,6,2,28,"MCALISTERS",1,3,4,4,5,5,5,5,4,5,4,5,4,4,5,4,3,2,4,4,5,2,4,4,4,5,4,"Customer Service/Sales","drive","CSR"
"420",109,72801,2,2,1,2,12,"FIREHOUSE SUBS",1,5,5,4,5,5,5,5,5,5,5,5,5,5,5,5,5,5,5,5,5,5,5,5,5,5,5,"Customer Service/Sales","drive","CASHIER"
"421",110,72801,2,1,6,3,8,"KFC",4,4,5,5,5,4,4,5,5,5,5,5,5,5,5,5,3,5,5,5,5,3,1,4,5,5,4,"Customer Service/Sales","drive","CCR"
"422",111,72801,2,2,6,3,8,"BURGER KING",1,2,4,4,2,3,3,3,2,4,1,2,3,3,4,3,3,3,2,3,3,2,2,4,1,1,1,"Customer Service/Sales","friend.relative","CCR"
"423",112,72801,2,2,6,2,1,"PIZZA HUT",3,3,3,2,2,3,3,4,4,5,5,3,4,5,5,4,3,4,4,3,4,4,3,5,3,4,3,"Office Job","coupons","BANK TELLER"
"424",113,72801,2,2,6,3,12,"SUBWAY",1,4,3,2,5,5,5,5,5,5,5,5,5,5,5,5,3,4,4,4,4,3,4,4,4,4,4,"Office Job","drive","BANK TELLER"
"425",114,72801,1,2,6,1,16,"HARDEE'S",1,4,5,5,4,5,5,5,5,5,5,5,5,5,5,5,5,4,5,5,5,4,3,5,5,5,5,"Customer Service/Sales","other","CSR"
"426",115,72801,2,2,6,4,20,"SONIC",2,4,3,5,3,3,4,4,4,4,4,4,4,4,4,4,3,5,5,5,5,3,2,5,4,5,5,"Customer Service/Sales","drive","CCR"
"427",116,72801,2,1,6,2,4,"ZAXBY'S",2,5,5,5,5,5,5,5,5,5,5,5,5,5,5,4,3,5,5,5,5,3,5,5,5,5,5,"Unemployed","sign","HOUSEWIFE"
"428",117,72801,2,1,6,2,8,"DAIRY QUEEN",1,4,4,4,4,4,4,4,4,4,4,4,4,4,4,4,3,4,4,4,4,4,4,4,5,5,5,"Customer Service/Sales","drive","CASHIER"
"429",118,72801,2,1,6,5,8,"WENDY'S",3,5,5,5,4,4,4,4,3,2,2,3,5,4,5,4,3,4,4,4,5,3,4,4,4,4,4,"Customer Service/Sales","drive","TELEMARKETER"
"430",119,72801,1,2,6,2,12,"POPEYE'S",1,5,5,5,5,5,5,5,5,5,5,5,5,5,5,5,4,5,5,5,5,3,3,5,5,5,5,"Customer Service/Sales","drive","CCR"
"431",120,72802,2,1,6,3,12,"WENDY'S",5,3,5,3,4,4,4,4,4,5,3,4,5,1,4,4,4,5,4,5,4,3,4,5,3,5,4,"Management","other","COORDINATOR"
"432",121,72801,2,2,6,3,20,"MCDONALD'S",1,4,3,2,3,4,4,4,5,5,5,4,5,5,5,5,5,4,5,5,5,3,2,4,4,4,4,"Educator","drive","TEACHER"
"433",122,72801,2,2,6,3,28,"CHICK-FIL-A",1,5,5,5,5,5,5,5,5,5,5,5,5,5,5,5,5,5,5,5,5,5,5,5,5,5,5,"Other","other","COMMUNICATIONS"
"434",123,72801,1,2,6,3,20,"ZAXBY'S",4,5,5,5,5,4,4,3,5,3,4,3,3,3,5,3,3,5,3,4,4,2,3,3,5,4,4,"Customer Service/Sales","drive","CASHIER"
"435",124,72801,2,1,6,2,12,"CHICK-FIL-A",4,5,4,5,5,5,5,5,5,4,2,2,3,3,2,3,3,4,3,4,3,2,3,4,5,5,5,"Educator","social.media","TEACHER"
"436",125,72801,2,1,6,2,5,"WENDY'S",4,5,5,5,5,5,4,4,4,5,4,4,4,4,4,4,5,4,5,5,5,4,4,5,5,5,5,"Educator","drive","DAYCARE WORKER"
"437",126,72801,2,2,6,1,20,"MCDONALD'S",1,5,5,5,5,5,5,5,5,5,5,5,5,5,5,5,5,5,5,5,5,5,3,5,5,5,5,"Customer Service/Sales","drive","CSR"
"438",127,72801,2,1,6,2,8,"LONG JOHN SILVER'S",2,4,4,4,4,4,4,4,2,4,2,2,4,2,2,3,3,2,2,4,4,2,2,2,1,1,1,"Customer Service/Sales","drive","CSR"
"439",128,72801,2,1,6,2,16,"HARDEE'S",2,5,5,5,5,5,5,5,5,5,5,5,5,5,5,5,5,5,5,5,5,5,5,5,5,5,5,"Customer Service/Sales","drive","CSR"
"440",129,72858,2,1,6,2,20,"MCDONALD'S",2,4,4,4,2,3,4,4,5,5,5,3,5,4,5,5,5,5,5,5,5,4,2,5,4,5,4,"Technology","drive","TECH SUPPORT"
"441",130,72802,1,2,6,1,3,"WENDY'S",2,5,4,4,5,4,3,4,5,5,4,4,2,5,4,2,4,5,2,5,3,4,4,5,4,5,3,"Customer Service/Sales","drive","CSR"
"442",131,72802,2,1,6,3,3,"WENDY'S",2,5,4,4,5,4,3,3,4,5,4,3,2,5,4,2,3,5,2,5,3,4,4,5,4,5,3,"Customer Service/Sales","drive","CSR"
"443",132,72801,1,2,6,2,20,"SUBWAY",1,5,5,5,5,5,5,5,5,5,5,5,5,5,5,5,5,5,5,5,5,5,5,5,5,5,5,"Customer Service/Sales","drive","CSR"
"444",133,72802,2,1,6,3,4,"PIZZA HUT",6,5,4,4,5,5,5,5,5,5,5,5,5,5,5,5,4,5,5,5,5,5,5,5,5,5,5,"Manual Laborer/Maintenance/Driver","friend.relative","LABOR WORKER"
"445",134,72802,1,2,6,2,16,"STEAK N SHAKE",1,4,3,3,2,3,3,4,5,5,4,4,5,4,4,3,1,4,3,3,3,2,1,4,3,4,3,"Customer Service/Sales","drive","CCR"
"446",135,72802,2,1,6,3,12,"WENDY'S",6,3,5,3,4,4,4,4,4,5,3,4,5,1,4,4,4,5,4,5,4,3,4,5,3,5,4,"Other","other","COMMUNICATIONS"
"447",136,72801,2,3,6,6,12,"CHICK-FIL-A",2,5,5,5,5,5,5,5,5,5,5,5,5,5,5,5,5,5,5,5,5,5,5,5,5,5,5,"Unemployed","drive","RETIRED"
"448",137,72801,1,1,6,3,4,"MCDONALD'S",1,5,5,5,5,5,5,5,5,5,5,5,5,5,5,5,5,5,5,5,5,5,5,5,5,5,5,"Customer Service/Sales","drive","CASHIER"
"449",138,72801,2,1,6,2,20,"WENDY'S",1,4,4,4,4,4,5,5,4,5,4,4,5,4,4,4,4,4,4,4,4,4,4,4,4,4,4,"Educator","drive","DAYCARE WORKER"
"450",139,72801,1,2,6,2,40,"KFC",4,4,5,5,5,4,4,5,5,5,5,5,5,5,5,5,4,5,5,5,5,4,2,4,5,5,4,"Customer Service/Sales","drive","CSR"
"451",140,72801,2,1,6,3,24,"STEAK N SHAKE",1,5,4,4,5,4,5,5,5,5,4,4,5,3,4,5,3,5,5,5,5,2,1,5,5,5,5,"Educator","friend.relative","TEACHER"
"452",141,72801,2,1,6,3,8,"ZAXBY'S",4,5,5,5,5,5,5,5,5,5,4,4,4,4,5,5,3,5,4,5,5,2,5,5,5,5,5,"Educator","drive","TEACHER"
"453",142,72801,1,2,6,2,12,"MCDONALD'S",1,4,5,5,5,5,5,5,5,5,5,5,5,5,5,4,4,4,4,5,5,4,4,4,5,5,5,"Customer Service/Sales","friend.relative","CCR"
"454",143,72801,2,2,6,2,12,"ARBY'S",1,4,5,5,5,5,5,5,5,5,5,5,5,5,5,4,4,4,4,5,5,4,4,4,5,5,5,"Customer Service/Sales","friend.relative","CUSTOMER SERVICE REP"
"455",144,72801,2,1,6,2,8,"SONIC",1,5,5,5,5,5,3,3,5,5,5,3,5,5,3,5,1,5,5,5,5,5,5,5,2,3,1,"Technology","drive","IT WORKER"
"456",145,72801,2,2,6,3,40,"WENDY'S",3,5,5,5,5,5,5,5,5,5,5,5,5,5,5,5,5,5,5,5,5,5,5,5,5,5,5,"Technology","mobile","TECH SUPPORT"
"457",146,72858,2,1,6,2,12,"MCDONALD'S",2,4,4,4,2,3,4,4,5,5,5,3,5,4,5,5,5,5,5,5,5,4,2,5,4,5,4,"Office Job","drive","OFFICE WORKER"
"458",147,72801,1,1,6,2,32,"SONIC",1,5,5,5,5,5,3,3,5,5,5,3,5,5,3,5,1,5,5,5,5,5,5,5,2,3,1,"Technology","drive","TECH SUPPORT"
"459",148,72801,1,1,6,6,16,"SUBWAY",1,5,5,5,5,5,5,5,5,5,5,5,5,5,5,5,5,5,5,5,5,5,5,5,5,5,5,"Unemployed","sign","RETIRED"
"460",149,72801,2,2,6,1,28,"SONIC",1,3,3,4,3,3,3,3,2,4,2,4,4,3,4,5,1,5,4,4,5,3,3,4,4,4,4,"Customer Service/Sales","sign","CASHIER"
"461",150,72801,2,3,6,5,8,"SONIC",1,4,3,4,3,4,4,4,4,5,3,4,4,4,4,5,1,5,5,5,5,3,4,4,5,5,4,"Customer Service/Sales","drive","CSR"
"462",151,72801,2,1,6,6,16,"SUBWAY",2,5,5,5,5,5,5,5,5,5,5,5,5,5,5,5,5,5,5,5,5,5,5,5,5,5,5,"Unemployed","sign","RETIRED"
"463",152,72801,2,2,6,1,12,"WHATTABURGER",2,4,4,4,5,5,5,5,4,5,5,5,5,5,5,3,3,4,4,2,3,3,3,4,4,4,4,"Educator","sign","TEACHER"
"464",153,72801,2,1,6,4,16,"CHICK-FIL-A",1,5,5,5,5,5,5,5,5,5,5,5,5,5,5,5,5,5,5,5,5,5,5,5,5,5,5,"Health Care","drive","NURSE"
"465",154,72801,2,1,6,3,12,"DAIRY QUEEN",1,5,4,4,2,4,5,5,5,5,5,5,5,4,4,4,3,5,5,5,5,4,2,4,5,5,5,"Health Care","friend.relative","NURSE"
"466",155,72802,1,3,6,3,16,"WENDY'S",2,2,3,3,3,4,5,3,2,3,4,5,5,2,3,3,5,4,3,2,4,2,4,4,4,4,3,"Other","sign",""
"467",156,72823,1,1,6,2,16,"CHICK-FIL-A",6,5,3,4,5,5,5,5,5,5,5,4,3,4,5,5,5,4,4,4,5,3,5,5,5,5,5,"Other","drive","FULLTIME WORKER"
"468",157,72801,2,1,6,2,20,"CHICK-FIL-A",1,5,5,5,5,5,5,5,5,5,5,5,5,5,5,4,5,5,5,5,5,5,5,5,5,5,5,"Other","coupons","COMMUNICATIONS"
"469",158,72801,2,1,6,3,36,"SONIC",1,4,1,5,3,5,5,5,2,4,3,3,5,2,5,5,1,5,4,4,4,3,1,5,3,4,4,"Customer Service/Sales","drive","CSR"
"470",159,72801,2,1,6,6,4,"BURGER KING",2,5,5,5,4,5,5,5,5,5,5,4,4,4,5,5,4,5,5,5,5,5,5,5,5,5,5,"Unemployed","friend.relative","RETIRED"
"471",160,72801,2,1,6,1,16,"CHICK-FIL-A",1,5,5,5,5,5,5,5,5,5,5,5,5,5,5,5,5,5,5,5,5,5,5,5,5,5,5,"Customer Service/Sales","friend.relative","CS"
"472",161,72802,1,2,6,2,12,"STEAK N SHAKE",1,2,3,3,2,3,3,4,5,5,4,4,5,4,4,3,1,4,3,3,3,2,1,4,3,4,3,"Customer Service/Sales","drive","CCR"
"473",162,72801,1,1,6,6,4,"BURGER KING",2,4,5,5,5,5,5,5,5,5,4,4,5,5,5,5,4,5,5,5,5,5,5,4,5,5,5,"Unemployed","TV.ad","RETIRED"
"474",163,72801,2,2,6,2,16,"TACO BELL",1,4,5,5,4,5,5,4,5,5,5,5,5,5,5,5,5,5,5,5,5,5,5,5,5,5,5,"Customer Service/Sales","drive","CSR"
"475",164,72801,2,2,6,2,12,"CHICK-FIL-A",1,4,5,5,5,5,5,4,5,5,5,4,3,4,4,4,5,4,4,4,5,4,5,5,5,5,5,"Customer Service/Sales","drive","CSR"
"476",165,72837,2,2,6,1,20,"CHICK-FIL-A",1,4,4,4,4,5,5,5,5,5,5,5,5,5,5,5,5,4,5,4,5,4,4,5,4,5,4,"Customer Service/Sales","other","CSR"
"477",166,72834,2,2,6,3,16,"TACO JOHN'S",3,5,4,4,3,3,4,5,2,2,2,2,3,3,4,4,2,4,4,3,3,3,4,1,4,3,3,"Customer Service/Sales","sign","CSR"
"478",167,72837,1,2,6,3,20,"ARBY'S",1,4,4,5,4,4,4,3,4,5,3,2,4,3,4,5,4,4,3,4,4,3,3,4,4,4,4,"Customer Service/Sales","drive","CUSTOMER SERVICE REP"
"479",168,72802,1,1,6,2,4,"TACO BELL",4,4,5,5,5,3,4,4,5,5,5,4,5,4,5,5,5,5,5,5,5,4,3,5,4,5,4,"Technology","multiple.way","TECH SUPPORT"
"480",169,72801,2,2,6,2,16,"ARBY'S",3,5,5,4,5,4,3,4,4,5,3,2,5,2,2,5,5,5,4,5,5,2,3,2,2,4,4,"Customer Service/Sales","friend.relative","CSR"
"481",170,72823,2,1,6,3,28,"SONIC",2,3,3,3,3,4,4,3,3,4,3,3,4,3,4,3,3,4,3,4,4,3,3,4,4,5,4,"Customer Service/Sales","drive","CCR"
"482",171,72081,2,1,6,4,28,"WENDY'S",3,4,5,5,5,3,4,4,5,5,5,5,5,5,5,5,5,5,5,5,5,4,3,5,4,5,4,"Health Care","drive","NURSE"
"483",172,72802,2,2,6,1,40,"SONIC",5,4,3,3,4,3,4,5,4,5,3,3,5,3,4,4,5,5,4,3,3,5,2,3,4,5,4,"Customer Service/Sales","drive","CSR"
"484",173,72802,2,2,6,2,48,"CHICK-FIL-A",2,5,5,4,4,4,5,5,5,5,5,5,5,5,5,4,5,3,2,5,5,2,1,2,4,5,4,"Customer Service/Sales","drive","CUSTOMER SERVICE REP"
"485",174,72802,2,2,6,2,32,"TACO JOHN'S",2,5,5,5,5,4,3,4,5,5,5,5,5,5,5,5,5,5,5,5,5,4,2,5,5,5,4,"Customer Service/Sales","drive","CSR"
"486",175,72802,1,1,6,3,24,"WENDY'S",3,4,3,2,4,3,4,4,5,5,4,3,5,3,4,5,5,5,4,4,4,3,3,4,4,5,4,"Law Enforcement/Attorney/Military","other","POLICE OFFICER"
"487",176,72801,2,1,6,3,24,"OTHER",2,3,1,5,3,3,3,2,1,5,4,3,5,5,4,5,1,5,4,3,5,4,1,5,2,5,4,"Customer Service/Sales","friend.relative","CCR"
"488",177,72937,1,1,6,6,20,"DEWAYNE'S",6,3,5,5,2,3,5,5,5,5,3,3,3,5,5,3,5,4,4,5,1,1,1,5,4,5,4,"Health Care","friend.relative","LEO MEDIC"
"489",178,72774,2,3,6,1,4,"CHICK-FIL-A",2,5,3,3,5,5,5,5,5,5,5,3,3,4,5,4,5,5,5,5,5,3,5,5,5,5,5,"Educator","multiple.way","HIGH SCHOOL"
"490",179,72802,1,1,6,2,20,"CHICK-FIL-A",3,4,5,4,3,3,4,4,4,4,4,3,5,4,4,4,5,5,4,5,5,3,4,5,4,5,5,"Clerical","friend.relative","VOCATIONAL MINISTRY"
"491",180,72802,2,3,6,4,4,"HARDEE'S",2,3,3,4,2,2,2,1,4,3,2,3,3,3,3,3,3,3,3,4,4,3,3,2,3,4,3,"Health Care","drive","PATIENT ADVOCATE"
"492",181,72801,1,2,6,5,1,"CHICK-FIL-A",1,5,5,5,5,5,5,5,5,5,5,5,5,5,5,5,5,5,5,5,5,5,5,5,5,5,5,"Manual Laborer/Maintenance/Driver","drive","MAINTENANCE"
"493",182,72802,1,1,6,2,31,"SONIC",1,4,4,4,4,4,5,5,5,5,5,5,5,4,5,4,3,5,4,5,5,5,4,5,5,5,5,"Clerical","sign","PASTOR"
"494",183,72802,1,1,6,4,28,"MCDONALD'S",1,4,4,5,3,4,4,4,5,5,4,4,4,3,4,5,5,5,5,4,3,4,1,5,4,5,4,"Unemployed","drive","HOUSEHOLD"
"495",184,72802,2,2,6,4,4,"CHICK-FIL-A",1,5,4,4,4,5,5,5,5,5,5,4,4,4,5,5,5,5,5,4,4,3,3,3,5,5,5,"Customer Service/Sales","multiple.way","SALES"
"496",185,72858,1,1,6,3,16,"MCDONALD'S",1,4,4,4,4,4,4,4,3,4,3,3,5,4,4,5,5,5,5,5,5,3,1,3,4,4,4,"Health Care","multiple.way","NURSE"
"497",186,72114,2,2,6,3,2,"TACO BELL",2,4,4,4,4,5,5,4,5,5,4,4,4,3,4,3,3,3,3,5,5,3,1,3,3,3,3,"Educator","multiple.way","TEACHER"
"498",187,72858,2,1,6,3,8,"DAIRY QUEEN",2,5,5,5,5,5,5,5,5,5,5,5,3,5,3,3,3,3,3,3,3,1,1,3,5,5,5,"Law Enforcement/Attorney/Military","multiple.way","DISPATCHER"
"499",188,72774,2,1,6,5,4,"CHICK-FIL-A",3,5,4,4,5,5,5,5,5,5,5,5,4,4,5,5,3,3,5,3,3,3,3,3,5,5,5,"Clerical","friend.relative","PASTOR"
"500",189,72801,1,1,6,3,8,"BURGER KING",1,4,4,4,4,4,4,4,4,4,4,4,4,4,4,3,3,3,3,3,3,3,3,3,3,3,3,"Educator","drive","TEACHER"
"501",190,72837,1,2,6,2,16,"WENDY'S",1,4,5,5,5,5,5,5,5,5,5,5,5,5,5,5,5,5,5,5,5,5,3,5,5,5,5,"Law Enforcement/Attorney/Military","drive","POLICE OFFICER"
"502",191,72837,1,1,6,4,8,"WENDY'S",2,4,5,5,4,4,5,5,5,5,5,4,5,4,5,5,5,5,5,5,5,3,3,3,5,5,5,"Law Enforcement/Attorney/Military","drive","SERGEANT"
"503",192,72802,2,1,6,3,8,"SONIC",1,3,3,4,4,3,5,4,4,5,5,4,5,5,3,4,3,5,4,5,5,3,3,5,5,5,2,"Customer Service/Sales","drive","CASHIER"
"504",193,72823,1,3,6,3,4,"CHICK-FIL-A",1,5,5,5,5,5,5,5,5,5,5,5,3,5,5,4,3,5,4,4,5,3,5,5,5,5,5,"Technology","drive","INFORMATION TECHNOLOGY"
"505",194,72801,2,1,6,4,16,"POPEYE'S",4,3,5,3,3,3,5,3,3,5,1,1,3,1,5,3,3,3,3,3,4,3,1,1,3,5,3,"Unemployed","drive","DISABLED"
"506",195,72015,2,2,6,3,4,"CHICK-FIL-A",1,5,5,5,5,5,5,5,5,5,5,5,5,5,5,5,5,5,5,5,5,5,5,5,5,5,5,"Law Enforcement/Attorney/Military","drive","LAWYER"
"507",196,72802,2,1,6,4,8,"CHICK-FIL-A",1,5,4,5,5,5,5,5,5,5,5,5,5,5,5,4,4,5,4,5,5,5,5,5,5,5,5,"Educator","sign","TEACHER"
"508",197,72802,2,1,6,3,8,"MCDONALD'S",1,4,4,5,4,4,4,4,5,5,4,4,5,4,4,5,5,5,5,5,5,5,1,3,5,5,4,"Unemployed","drive","HOUSEWIFE"
"509",198,72801,1,1,6,3,8,"SUBWAY",4,4,5,3,4,4,4,4,4,5,5,5,5,2,4,4,2,4,4,4,5,4,3,5,4,4,4,"Law Enforcement/Attorney/Military","friend.relative","LEGAL"
"510",199,89085,2,2,6,3,2,"RAISING CANES",4,5,4,4,5,4,4,4,5,5,3,3,3,3,5,4,3,3,4,3,3,3,2,3,4,5,4,"Unemployed","drive","STAY AT HOME MOM"
"511",200,72956,2,1,6,4,16,"CHICK-FIL-A",3,4,4,3,4,5,5,5,5,5,4,5,3,3,4,4,4,4,3,5,4,5,5,4,4,5,4,"Health Care","drive","RMA"
"512",201,72802,1,1,6,2,12,"TACO BELL",1,5,5,5,4,4,4,4,4,5,5,5,5,5,5,5,1,5,5,5,5,3,1,5,5,5,5,"Manual Laborer/Maintenance/Driver","drive","FORK LIFT DRIVER"
"513",202,72704,2,2,6,4,1,"PAPA JOHNS PIZZA",2,5,5,5,3,3,5,5,5,5,4,5,5,4,4,5,1,1,5,3,3,5,1,3,5,5,5,"Office Job","drive","ACCOUNTANT"
"514",203,72837,2,1,6,4,2,"PANDA EXPRESS",6,5,5,3,5,5,5,5,5,5,3,3,3,3,5,3,3,3,3,3,3,1,1,3,5,5,5,"Management","drive","ASSISTANT MANAGER"
"515",204,72802,1,1,6,4,32,"WHATTABURGER",3,5,3,3,4,4,5,3,3,5,5,3,4,3,5,4,3,5,3,4,1,3,2,2,4,5,5,"Other","friend.relative",""
"516",205,72471,2,1,6,3,8,"CHICK-FIL-A",2,5,5,5,4,5,5,5,5,5,5,5,3,3,3,3,3,3,5,3,5,3,1,3,4,5,5,"Office Job","multiple.way","COURT CLERK"
"517",206,72010,1,1,6,4,2,"TACO BELL",5,4,5,5,4,5,4,5,4,3,4,5,5,5,5,3,3,1,1,5,5,1,1,1,3,4,5,"Technology","friend.relative","QUALITY ENGINEER"
"518",207,72823,2,1,6,3,12,"BRICK OVEN",2,3,3,2,4,4,4,4,4,4,4,5,4,3,4,3,2,4,3,2,2,2,2,4,4,4,5,"Clerical","friend.relative","CLERICAL"
"519",208,72802,2,2,6,1,4,"CHICK-FIL-A",1,5,5,5,5,5,5,5,5,5,5,5,4,4,5,3,3,5,5,3,3,3,1,3,4,4,4,"Office Job","multiple.way","ADMISSIONS OFFICER"
"520",209,72823,1,1,6,4,8,"CHICK-FIL-A",2,5,5,5,5,5,5,5,5,5,5,5,5,5,5,4,3,4,5,3,3,3,3,3,5,5,5,"Law Enforcement/Attorney/Military","multiple.way","SECURITY"
"521",210,76244,1,2,6,4,8,"CHIPOTLE",2,5,5,4,5,5,5,5,5,5,4,4,4,4,5,3,5,3,5,3,3,1,1,1,5,5,5,"Clerical","friend.relative","PREACHER"
"522",211,10996,2,1,6,3,2,"CHICK-FIL-A",6,3,4,3,3,4,5,3,5,5,4,3,3,3,3,3,3,3,3,2,3,1,1,3,3,3,3,"Unemployed","drive","DOMESTIC ENGINEER"
"523",212,72801,1,1,6,4,4,"MCDONALD'S",1,4,4,4,3,4,4,4,4,4,4,4,4,4,4,3,4,4,2,4,4,3,3,2,4,4,4,"Law Enforcement/Attorney/Military","drive","LAW ENFORCEMENT"
"524",213,72801,2,1,6,2,8,"WENDY'S",4,4,3,4,2,2,1,4,5,5,4,4,5,5,5,4,1,5,4,4,4,1,1,5,5,5,4,"Office Job","drive","ADMINISTRATIVE ASSISTANT"
"525",214,72801,1,1,6,3,12,"CHICK-FIL-A",4,5,3,3,5,5,5,4,5,5,5,4,5,5,3,4,3,3,5,5,5,5,3,3,4,5,4,"Customer Service/Sales","sign","SALES"
"526",215,72801,1,2,6,4,12,"LA HUERTA",5,5,4,3,3,4,5,5,5,5,5,5,4,5,5,4,3,3,4,5,1,1,2,5,4,5,5,"Health Care","friend.relative","MEDICAL"
"527",216,72858,2,1,6,5,3,"TACO BELL",3,4,5,5,4,4,4,4,4,4,5,5,5,4,5,5,5,5,5,5,5,4,4,4,5,5,5,"Office Job","friend.relative","SECRETARY"
"528",217,72801,1,1,6,4,8,"CHIPOTLE",2,5,5,5,5,4,4,4,5,5,5,5,5,5,5,5,5,3,4,3,3,3,2,3,5,5,5,"Other","friend.relative",""
"529",218,72801,2,1,6,4,20,"WHATTABURGER",2,5,5,5,5,5,5,5,5,5,5,5,5,5,5,5,3,4,5,5,5,3,2,4,5,5,5,"Other","friend.relative",""
"530",219,72834,1,1,6,3,16,"TROPICAL SMOOTHIE",1,4,4,3,4,4,4,4,4,4,4,4,4,3,4,4,3,4,3,4,4,3,5,5,5,5,5,"Law Enforcement/Attorney/Military","other","POLICE OFFICER"
"531",220,72834,2,1,6,2,20,"TACO JOHN'S",4,5,5,5,5,4,5,5,5,5,5,4,5,5,4,4,3,3,2,4,5,3,3,3,4,4,5,"Other","friend.relative",""
"532",221,72834,2,1,6,4,20,"ZAXBY'S",2,4,4,4,3,4,4,4,4,4,4,3,4,4,4,4,4,4,4,4,4,4,3,3,3,5,4,"Office Job","sign","SECRETARY"
"533",222,72801,2,1,6,2,12,"TACO BELL",5,5,5,5,5,5,5,5,5,5,5,5,5,5,5,5,5,5,5,5,5,5,5,5,5,5,5,"Health Care","drive","NURSE"
"534",223,72823,1,1,6,3,8,"TACO BELL",2,3,3,3,2,2,3,2,2,3,3,3,4,2,2,2,2,3,2,2,2,1,1,3,2,3,2,"Manual Laborer/Maintenance/Driver","multiple.way","MECHANIC"
"535",224,72837,1,1,6,3,8,"SUBWAY",1,5,3,4,3,4,5,4,5,5,5,4,4,4,5,4,3,5,4,5,3,4,3,4,5,4,4,"Law Enforcement/Attorney/Military","mobile","POLICE OFFICER"
"536",225,72802,2,2,6,2,8,"CHICK-FIL-A",2,5,5,5,4,5,5,5,5,5,4,5,4,4,5,4,3,4,5,3,5,3,2,4,5,5,5,"Health Care","multiple.way","RN"
"537",226,72802,1,1,6,3,4,"WENDY'S",1,4,5,5,4,3,4,4,3,5,5,4,5,4,4,4,3,4,4,5,4,3,3,3,4,5,4,"Other","drive",""
"538",227,72801,2,1,6,4,12,"TACO JOHN'S",3,5,5,5,5,5,5,5,5,5,5,5,5,5,5,5,3,3,5,5,5,5,2,5,5,5,5,"Management","billboard","DIR OF OPERATIONS"
"539",228,72010,2,1,6,2,2,"CHICK-FIL-A",4,5,4,4,4,5,5,5,5,5,5,5,4,3,4,3,3,3,4,3,3,3,2,3,4,5,5,"Other","drive","PROFESSIONAL"
"540",229,72802,2,1,6,3,12,"ZAXBY'S",3,5,5,4,4,4,5,4,5,5,4,4,2,2,3,3,3,3,3,5,5,3,1,3,4,5,4,"Management","drive","BUSINESS OWNER"
"541",230,72801,2,1,6,3,5,"CHICK-FIL-A",5,5,5,5,5,5,5,5,5,5,5,5,5,5,5,5,3,5,5,5,5,5,5,5,5,5,5,"Educator","other","TEACHER"
"542",231,72801,1,1,6,3,16,"POPEYE'S",5,4,4,4,4,4,4,4,4,4,4,3,4,3,4,3,3,3,3,3,2,2,1,1,3,5,4,"Management","drive","BUSINESS OWNER"
"543",232,72801,2,1,6,3,2,"TACO BELL",2,3,3,3,3,3,3,3,3,5,5,3,5,4,5,5,3,5,5,5,5,3,2,5,5,5,3,"Technology","drive","TECH SUPPORT"
"544",233,72823,2,1,6,3,12,"CHICK-FIL-A",1,5,5,5,5,5,5,5,5,5,5,5,3,3,4,3,3,3,3,3,5,1,1,3,5,5,5,"Unemployed","friend.relative","STAY AT HOME MOM"
"545",234,72858,2,1,6,3,8,"CHICK-FIL-A",3,5,5,4,5,5,5,5,5,5,5,5,5,5,5,4,5,5,5,4,5,2,5,5,5,5,5,"Educator","drive","INSTRUCTOR"
"546",235,72834,2,1,6,3,12,"CHICK-FIL-A",3,4,3,2,4,5,5,5,5,5,5,4,5,3,5,3,3,4,4,3,4,3,4,4,5,5,5,"Other","other","HAIR STYLIST"
"547",236,72143,2,1,6,3,16,"CHICK-FIL-A",3,5,5,5,5,5,5,5,5,5,5,5,5,5,5,5,5,5,5,5,5,5,5,5,5,5,5,"Health Care","sign","RN"
"548",237,85355,2,1,6,3,2,"TACO BELL",1,4,4,4,4,5,5,5,5,5,4,4,5,2,2,5,5,3,4,3,5,1,1,3,4,5,5,"Technology","friend.relative","NUCLEAR SECURITY"
"549",238,72802,2,1,6,4,2,"CHICK-FIL-A",3,5,5,5,4,5,5,5,5,5,4,4,4,3,3,3,3,3,3,1,3,3,1,3,4,5,5,"Office Job","drive","ACCOUNTS PAYABLE"
"550",239,72834,1,1,6,3,12,"WENDY'S",1,4,4,4,4,4,4,4,4,4,4,3,4,4,3,2,3,4,4,4,4,2,2,3,4,5,4,"Manual Laborer/Maintenance/Driver","drive","TRUCK DRIVER"
"551",240,76244,1,1,6,4,8,"CHIPOTLE",2,5,5,4,5,5,5,4,4,5,4,2,2,3,3,3,3,3,3,3,3,3,5,5,5,5,5,"Clerical","drive","PASTOR"
"552",241,72802,2,1,6,3,8,"TACO BELL",3,4,4,4,4,4,4,4,4,4,3,3,3,3,3,2,2,2,2,5,5,2,1,1,3,3,3,"Unemployed","friend.relative","WIFE/MOM"
"553",242,72801,2,2,6,2,20,"TACO BELL",1,4,4,4,4,3,3,3,3,5,3,3,5,3,4,3,3,3,3,3,5,3,1,3,3,3,3,"Health Care","drive","DENTAL ASSIST"
"554",243,72801,2,1,6,3,16,"ARBY'S",2,3,4,4,3,3,4,4,5,4,4,3,4,4,4,3,1,3,4,4,3,1,4,4,4,5,3,"Office Job","drive","CLERK"
"555",244,72802,1,1,6,3,2,"TACO BELL",1,4,4,4,3,3,3,4,4,4,3,3,5,3,2,3,4,4,3,4,4,3,4,4,4,4,4,"Unemployed","sign","UNEMPLOYED"
"556",245,72837,2,1,6,2,12,"WENDY'S",2,3,4,4,3,3,4,4,4,4,4,3,3,4,4,2,3,4,3,4,4,3,4,4,4,4,3,"Other","sign","HOMEMAKER"
"557",246,72801,2,1,6,3,4,"TACO BELL",6,3,3,3,3,3,4,4,4,5,4,4,5,4,4,5,3,3,3,3,4,3,2,5,4,5,5,"Office Job","social.media","CLERK"
"558",247,72801,1,1,6,1,8,"TACO BELL",2,3,3,3,3,3,3,3,3,4,4,4,4,4,4,3,3,3,3,3,3,4,4,4,5,5,5,"Educator","sign","DAYCARE WORKER"
"559",248,72801,1,1,6,4,8,"BURGER KING",1,3,3,3,3,2,2,2,2,3,3,4,4,4,4,3,3,3,3,3,4,4,4,4,4,5,4,"Management","sign","SALES MANAGER"
"560",249,72832,1,2,6,1,8,"MCDONALD'S",4,4,3,5,3,5,4,3,5,4,4,5,4,5,3,3,5,4,4,3,5,4,5,3,4,4,4,"Other","mobile","SELF EMPLOYED"
"561",250,72823,2,1,6,4,8,"CHICK-FIL-A",3,5,5,5,5,5,5,5,5,5,4,5,5,4,5,5,5,4,5,5,5,3,4,5,5,5,5,"Educator","sign","TEACHER"
"562",251,72858,1,2,6,2,10,"SONIC",1,4,3,4,3,4,4,3,4,4,3,3,5,3,4,2,3,4,3,4,4,4,2,3,4,4,4,"Customer Service/Sales","mobile","RETAIL SALES"
"563",252,72834,2,3,6,6,4,"MCDONALD'S",1,4,5,4,2,3,3,2,4,4,2,2,3,2,4,4,3,4,4,4,4,3,3,4,4,3,3,"Unemployed","sign","RETIRED"
"564",253,72823,2,2,6,1,8,"CHICK-FIL-A",2,5,5,4,5,5,5,5,5,5,5,5,5,4,5,4,5,5,5,5,5,5,5,5,5,5,5,"Office Job","friend.relative","RECEPTIONIST"
"565",254,72834,1,1,6,5,20,"MCDONALD'S",3,4,5,5,5,4,5,4,5,4,5,4,4,4,5,4,3,3,5,3,4,4,4,4,4,4,4,"Unemployed","friend.relative","RETIRED"
"566",255,72801,1,2,6,4,20,"WENDY'S",1,4,4,3,4,4,5,3,5,5,5,4,5,4,5,4,3,4,4,4,5,3,3,4,4,5,4,"Manual Laborer/Maintenance/Driver","drive","TRUCK DRIVER"
"567",256,72801,2,1,6,2,16,"WENDY'S",1,4,5,5,3,4,3,3,5,5,4,5,5,5,5,5,5,5,5,5,5,3,3,5,5,5,4,"Educator","sign","TEACHER"
"568",257,72802,2,1,6,4,1,"CHICK-FIL-A",1,4,4,4,4,4,5,5,5,5,5,5,5,5,5,5,5,5,5,5,5,5,5,5,4,5,5,"Customer Service/Sales","friend.relative","SALES"
"569",258,72834,2,1,6,6,20,"WENDY'S",1,5,5,5,5,5,5,5,5,5,5,5,5,5,5,5,3,5,5,5,5,3,5,5,5,5,5,"Other","other","PERSONAL BANKER"
"570",259,72837,2,1,6,4,4,"WHATTABURGER",2,4,4,4,4,4,4,4,4,4,4,4,4,4,4,4,4,4,4,4,3,4,4,4,4,5,4,"Office Job","friend.relative","ADMIN"
"571",260,72834,2,2,6,2,12,"TACO BELL",1,3,4,2,4,3,4,3,4,4,4,3,5,2,2,4,3,3,4,3,3,3,2,3,4,4,4,"Health Care","sign","NURSE"
"572",261,72837,2,2,6,3,4,"WENDY'S",3,4,4,4,4,4,4,4,4,4,4,4,4,4,4,4,4,4,4,4,4,4,4,4,4,4,4,"Technology","other","IT"
"573",262,72832,2,1,6,3,8,"QUIZNO'S",4,5,5,3,5,3,3,3,3,3,3,3,3,3,3,3,3,3,3,3,3,3,3,3,3,4,4,"Office Job","mobile","CLERK"
"574",263,72801,2,1,6,4,4,"LA HUERTA",5,4,4,4,4,4,4,4,4,4,4,4,4,4,4,4,4,4,4,4,3,3,3,4,4,5,4,"Office Job","other","OFFICE JOB"
"575",264,72837,2,1,6,4,4,"OTHER",2,4,4,4,4,4,4,4,4,4,4,4,4,4,4,4,4,4,4,4,3,3,3,4,4,5,4,"Office Job","News.ad","ADMINISTRATIVE"
"576",265,72801,2,2,3,2,12,"OTHER",3,3,4,2,4,4,3,3,4,3,1,2,2,1,3,4,1,2,3,2,4,2,2,3,4,3,4,"Office Job","drive","HIM CLERK"
"577",266,72801,2,2,6,2,4,"MCDONALD'S",2,4,4,4,4,4,4,4,4,4,4,4,4,4,4,4,4,4,4,4,4,4,4,4,4,4,4,"Other","drive",""
"578",267,72837,2,1,6,4,4,"OTHER",2,4,4,4,4,4,4,4,4,4,4,4,4,4,4,4,4,4,4,4,4,4,3,4,4,5,4,"Office Job","multiple.way","ADMINISTRATOR"
"579",268,72801,2,3,6,4,1,"MCDONALD'S",2,5,5,5,5,5,5,5,5,5,5,5,5,5,5,5,5,5,5,5,5,5,5,5,5,5,5,"Office Job","drive","HIM CLERK"
"580",269,72801,2,1,6,4,1,"BURGER KING",2,4,3,3,5,5,5,5,5,5,5,5,5,5,5,5,5,5,5,5,5,5,5,5,4,4,5,"Clerical","drive","CLERICAL"
"581",270,72802,2,1,6,4,12,"CJ BURGERS",3,4,4,4,4,4,4,4,5,5,4,4,4,4,4,4,4,4,4,4,4,4,4,4,5,5,5,"Other","friend.relative",""
"582",271,72823,2,2,6,2,8,"CHICK-FIL-A",3,3,2,4,4,4,5,5,5,5,5,3,3,5,4,3,3,4,4,4,4,4,3,4,4,5,5,"Office Job","drive","HIM CLERK"
"583",272,72837,2,1,6,4,8,"CHICK-FIL-A",2,5,5,5,5,5,5,5,5,5,5,5,5,5,5,5,5,5,5,5,5,3,3,5,5,5,5,"Office Job","drive","ADMIN"
"584",273,72802,2,1,6,4,8,"LA HUERTA",2,5,5,5,5,5,5,5,5,5,5,5,5,5,5,5,5,5,5,5,3,5,5,5,5,5,5,"Manual Laborer/Maintenance/Driver","drive","MAINTENANCE"
"585",274,72830,1,2,6,2,12,"WENDY'S",2,3,3,3,3,4,4,4,4,4,4,4,4,4,4,2,3,4,2,4,4,4,4,4,4,4,4,"Health Care","friend.relative","HEALTHCARE"
"586",275,72830,1,2,6,2,10,"MCDONALD'S",2,5,3,3,3,3,2,4,4,4,2,2,5,2,4,2,3,4,2,3,2,3,3,4,2,4,4,"Health Care","friend.relative","HEALTHCARE"
"587",276,72830,1,2,6,2,10,"PIZZA HUT",2,4,5,5,4,5,5,5,5,5,5,5,5,5,5,5,5,5,5,5,5,5,5,5,5,5,5,"Health Care","other","HEALTHCARE"
"588",277,72802,2,1,6,3,10,"ZAXBY'S",4,3,3,3,4,5,5,5,5,5,5,5,5,5,5,5,2,5,5,5,5,5,5,5,5,5,5,"Health Care","drive","CDI"
"589",278,72801,2,1,6,2,12,"MCDONALD'S",2,4,4,4,4,4,5,5,5,5,5,5,5,5,5,4,4,4,4,4,4,4,4,4,4,4,4,"Technology","social.media","CODER"
"590",279,72837,2,1,6,4,4,"OTHER",2,4,4,4,4,4,4,4,4,4,4,4,4,4,4,4,4,4,4,4,3,4,3,4,4,5,4,"Other","News.ad",""
"591",280,72801,2,1,6,4,4,"CRACKER BARREL",2,4,4,4,4,4,4,4,2,4,2,4,4,2,4,4,4,4,4,4,4,3,4,4,4,5,4,"Office Job","other","OFFICE JOB"
"592",281,72801,2,2,6,3,6,"QUIZNO'S",1,5,5,5,5,5,5,5,5,5,5,5,5,5,5,4,1,4,5,3,1,4,5,5,4,4,4,"Other","social.media","RECORDS ANALYST"
"593",282,72802,2,1,6,5,8,"MCDONALD'S",2,4,4,5,4,5,5,5,5,5,4,4,5,4,5,5,4,5,5,4,5,4,4,5,4,4,4,"Management","drive","BUSINESS ADMIN"
"594",283,72802,2,1,6,5,12,"MCALISTERS",3,5,5,4,5,5,5,5,5,5,5,5,5,4,5,4,3,5,4,3,2,5,5,5,5,5,5,"Health Care","drive","CANCER REGISTRATION"
"595",284,72847,2,1,6,3,9,"CHICK-FIL-A",2,5,5,5,5,5,5,5,5,5,5,5,5,5,5,4,3,5,5,5,4,5,5,5,4,5,4,"Management","friend.relative","BUSINESS"
"596",285,72802,1,1,6,2,8,"CHICK-FIL-A",2,5,5,5,5,5,5,5,5,5,5,5,5,5,5,5,5,5,5,5,5,5,5,5,5,5,5,"Health Care","drive","MEDIC"
"597",286,72837,1,2,6,3,8,"MCDONALD'S",2,3,3,3,3,2,3,2,3,3,3,2,3,5,3,3,3,3,4,3,4,3,2,3,3,3,3,"Health Care","drive","NURSE"
"598",287,72801,2,1,6,3,8,"WENDY'S",5,5,5,5,5,5,5,5,5,5,5,5,5,5,5,5,5,5,5,5,5,5,5,5,5,5,5,"Office Job","friend.relative","CLERK"
"599",288,72802,2,1,6,5,16,"SUBWAY",1,3,4,3,4,4,4,4,3,5,3,4,5,3,5,4,2,4,5,5,5,5,1,5,3,4,3,"Health Care","coupons","MEDICAL BUSINESS"
"600",289,72802,2,1,6,4,8,"ARBY'S",4,4,4,4,4,4,5,5,5,5,5,5,5,5,4,5,5,5,4,5,5,4,4,5,5,5,5,"Other","multiple.way","FULL TIME EMPLOYEE"
"601",290,72802,2,2,6,1,22,"BURGER KING",4,3,3,3,2,4,4,4,4,4,5,5,5,5,5,3,5,4,4,4,4,4,4,5,4,5,4,"Other","sign",""
"602",291,72837,1,1,6,2,16,"ZAXBY'S",2,5,5,5,5,5,5,5,5,5,5,5,5,5,5,3,5,5,4,5,5,5,5,5,4,5,5,"Health Care","sign","MEDICAL CODER"
"603",292,72801,2,2,6,3,4,"TACO JOHN'S",1,5,5,5,5,5,5,5,5,5,5,5,5,5,5,5,5,5,5,5,5,5,5,5,5,5,5,"Office Job","drive","HIM CLERK"
"604",293,72802,2,1,6,4,8,"ARBY'S",4,4,4,4,4,4,5,5,5,5,5,5,5,5,4,5,5,5,4,5,5,4,4,5,5,5,5,"Other","multiple.way","FULL TIME EMPLOYEE"
"605",294,72802,2,1,6,4,8,"TACO BELL",4,4,4,4,4,4,5,5,5,5,5,5,5,5,4,5,5,5,4,5,5,4,4,5,5,5,5,"Other","multiple.way","FULL TIME EMPLOYEE"
"606",295,72802,1,2,6,3,20,"ZAXBY'S",2,3,3,3,3,4,3,3,2,2,3,3,2,3,4,3,4,4,3,3,2,3,3,3,3,4,3,"Technology","drive","CODER"
"607",296,72837,2,1,6,4,16,"OTHER",2,4,4,3,4,5,4,3,5,4,5,3,3,2,3,3,1,3,4,2,3,1,1,2,3,3,3,"Office Job","friend.relative","INSURANCE"
"608",297,72837,2,2,6,2,12,"OTHER",3,4,4,4,5,5,4,4,5,3,4,5,5,5,4,5,5,4,5,4,5,5,4,4,4,4,4,"Other","friend.relative","HAIRDRESSER"
"609",298,72837,2,1,6,3,8,"OTHER",1,4,5,3,2,4,3,4,2,5,5,2,3,4,3,2,5,4,3,2,3,4,3,2,3,4,3,"Office Job","friend.relative","INSURANCE"
"610",299,72837,2,1,6,3,20,"OTHER",3,3,4,2,5,5,5,5,4,5,3,3,2,3,4,3,3,4,2,3,3,1,1,4,4,3,3,"Office Job","sign","INSURANCE"
"611",300,72858,2,2,6,4,8,"OTHER",3,3,5,5,4,4,4,3,5,5,3,1,4,3,1,2,3,4,2,4,3,3,1,5,4,3,4,"Manual Laborer/Maintenance/Driver","sign","FACTORY"
"612",301,72834,1,1,6,4,24,"OTHER",3,4,5,5,5,5,5,4,5,5,5,4,3,3,2,3,2,4,4,4,2,2,3,4,4,4,4,"Manual Laborer/Maintenance/Driver","friend.relative","MAINTENANCE"
"613",302,72834,2,1,6,2,12,"OTHER",4,2,3,5,5,5,5,5,5,5,5,4,4,4,5,3,2,5,5,5,1,1,3,5,5,5,5,"Office Job","friend.relative","CLERK"
"614",303,72837,2,2,6,2,28,"OTHER",2,4,5,5,4,5,3,4,5,5,5,3,5,2,2,2,2,3,2,4,3,3,3,5,4,3,2,"Office Job","friend.relative","INSURANCE"
"615",304,72823,2,1,6,3,20,"OTHER",6,5,5,5,5,5,5,4,5,5,5,3,3,2,4,4,4,5,5,5,3,3,3,5,5,5,5,"Office Job","friend.relative","INSURANCE"
